_id,Date,Line,Time,Day,Station,Incident,Min Delay,Min Gap,Bound,Vehicle
1,2025-01-01,504,02:10,Wednesday,KING AND PARLIAMENT,Cleaning - Unsanitary,10,20,W,4569
2,2025-01-01,506,02:50,Wednesday,COLLEGE AND HURON,General Delay,34,49,E,4480
3,2025-01-01,504,03:11,Wednesday,KING AND QUEEN EAST,Operations,15,30,E,4629
4,2025-01-01,501,05:14,Wednesday,QUEEN AND DUFFERIN,General Delay,36,55,E,4455
5,2025-01-01,504,06:14,Wednesday,LESLIE CARHOUSE,Mechanical,10,20,E,4483
6,2025-01-01,504,09:02,Wednesday,KING AND JAMESON,Emergency Services,10,20,W,4606
7,2025-01-01,510,11:51,Wednesday,SPADINA AND BLOOR,Operations,7,15,E,3356
8,2025-01-01,512,12:06,Wednesday,ST. CLAIR AND VAUGHAN,Operations,8,16,E,4403
9,2025-01-01,505,13:39,Wednesday,DUNDAS AND DENISON,Mechanical,8,16,W,4584
10,2025-01-01,511,15:03,Wednesday,BATHURST AND DUNDAS,General Delay,47,57,S,4410
11,2025-01-01,504,15:04,Wednesday,RONCESVALLES AND HOWAR,Cleaning - Unsanitary,10,20,N,4556
12,2025-01-01,501,16:19,Wednesday,NEVILLE PARK AND QUEEN,Emergency Services,10,20,E,4453
13,2025-01-01,506,18:35,Wednesday,GERRARD AND JONES,Emergency Services,10,20,W,4504
14,2025-01-01,505,19:06,Wednesday,BROADVIEW AND DUNDAS,Operations,19,20,E,4473
15,2025-01-01,501,19:19,Wednesday,HUMBER LOOP,Cleaning - Unsanitary,10,20,S,4480
16,2025-01-01,511,20:40,Wednesday,BATHURST AND WELLINGTO,General Delay,9,18,S,4496
17,2025-01-01,512,21:27,Wednesday,ST CLAIR AND LANSDOWNE,Cleaning - Unsanitary,9,18,E,4618
18,2025-01-01,511,22:10,Wednesday,BATHURST AND NIAGARA,Cleaning - Unsanitary,9,18,S,4422
19,2025-01-01,504,22:46,Wednesday,SPRINGHURST LOOP,Security,10,20,W,4611
20,2025-01-01,506,00:18,Wednesday,RONCESVALLES AND THE Q,Emergency Services,None,None,S,4574
21,2025-01-01,511,01:23,Wednesday,BATHURST STATION,Emergency Services,16,25,S,4416
22,2025-01-02,504,03:27,Thursday,SUNNYSIDE LOOP,Emergency Services,None,None,None,4561
23,2025-01-02,305,03:49,Thursday,DUNDAS AND BLOOR,Cleaning - Unsanitary,15,30,W,4499
24,2025-01-02,501,04:53,Thursday,THE QUEENSWAY AND GLEN,Security,19,50,W,4586
25,2025-01-02,504,05:04,Thursday,KINGSTON LOOP,Security,None,None,N,4427
26,2025-01-02,507,05:14,Thursday,THE QUEENWAY AND GLEND,General Delay,None,None,W,4500
27,2025-01-02,511,05:45,Thursday,BATHURST AND HOTSPUR,Mechanical,10,20,S,9006
28,2025-01-02,506,05:53,Thursday,GERRARD AND MAIN,Cleaning - Unsanitary,13,26,W,4442
29,2025-01-02,507,08:14,Thursday,HUMBER LOOP,Security,40,50,None,4574
30,2025-01-02,508,08:33,Thursday,HUMBER LOOP,Security,20,40,N,4453
31,2025-01-02,511,09:18,Thursday,BATHURST AND ROBINSON,Security,None,None,S,4405
32,2025-01-02,501,09:34,Thursday,NEVILLE PARK LOOP,Emergency Services,29,37,E,4437
33,2025-01-02,501,09:41,Thursday,NEVILLE PARK LOOP,Emergency Services,49,58,E,4550
34,2025-01-02,501,11:28,Thursday,NEVILLE LOOP,Cleaning - Unsanitary,9,18,E,4570
35,2025-01-02,505,11:31,Thursday,DUNDAS WEST STATION,Emergency Services,25,35,None,4556
36,2025-01-02,510,12:20,Thursday,SPADINA STATION,Security,4,7,None,8762
37,2025-01-02,507,12:22,Thursday,LONG BRANCH LOOP,Cleaning - Unsanitary,10,20,N,4500
38,2025-01-02,512,12:44,Thursday,GUNNS LOOP,Emergency Services,29,37,None,4464
39,2025-01-02,510,12:49,Thursday,SPADINA AND BLOOR,Mechanical,7,14,N,8199
40,2025-01-02,511,12:58,Thursday,QUEENSQUAY AND YORK,Emergency Services,131,141,W,4454
41,2025-01-02,509,13:03,Thursday,YORK AND QUEENS QUAY,Diversion,92,98,None,4443
42,2025-01-02,501,13:10,Thursday,HUMBER LOOP,Operations,10,20,S,4546
43,2025-01-02,503,13:21,Thursday,QUEEN AND WOODFIELD,Operations,12,22,E,4509
44,2025-01-02,504,13:36,Thursday,DUFFERION GATE LOOP,Security,None,None,N,4415
45,2025-01-02,504,13:39,Thursday,DUFFERIN AND KING,Mechanical,14,24,E,4529
46,2025-01-02,512,14:00,Thursday,ST CLAIR AND DUFFERIN,General Delay,None,None,E,None
47,2025-01-02,511,14:30,Thursday,BATHURST AND QUEEN,Operations,10,20,S,4406
48,2025-01-02,504,16:09,Thursday,SUMACH AND BROADVIEW,Security,10,20,E,4480
49,2025-01-02,501,16:22,Thursday,BROADVIEW AND QUEEN,Diversion,12,22,E,4514
50,2025-01-02,503,16:23,Thursday,QUEEN AND CAROLINE,Security,12,22,E,4571
51,2025-01-02,510,16:45,Thursday,SPADINA AND QUEENS QUA,Cleaning - Unsanitary,7,14,N,3239
52,2025-01-02,505,16:49,Thursday,BROADVIEW STATION,Emergency Services,10,20,None,4522
53,2025-01-02,505,17:25,Thursday,DUNDAS AND YONGE,Emergency Services,21,10,W,4418
54,2025-01-02,505,19:00,Thursday,DUNDAS AND OSSINGTON,Cleaning - Unsanitary,10,20,None,4404
55,2025-01-02,501,20:16,Thursday,QUEEN AND BEATY,Security,11,22,W,4449
56,2025-01-02,510,21:23,Thursday,EXHIBITION LOOP,Emergency Services,7,14,None,3357
57,2025-01-02,501,21:30,Thursday,QUEEN AND JAMESON,Collision - TTC Involved,33,43,E,4519
58,2025-01-02,501,21:32,Thursday,HUMBER LOOP,Diversion,33,43,E,4570
59,2025-01-02,510,23:10,Thursday,SPADINA AND DUNDAS,Operations,10,20,N,8333
60,2025-01-02,505,00:13,Thursday,DUNDAS AND JARVIS,Security,66,76,E,4615
61,2025-01-02,505,00:48,Thursday,BROADVIEW STATION,Security,None,None,E,4549
62,2025-01-02,506,00:52,Thursday,RONCESVALLE AND QUEEN,Security,None,None,S,4540
63,2025-01-02,504,01:20,Thursday,SUNNYSIDE LOOP,Emergency Services,10,20,W,4428
64,2025-01-02,510,01:57,Thursday,SPADINA AND ADELAIDE,Security,10,40,S,8789
65,2025-01-02,507,01:59,Thursday,QUEEN AND RONCESVALLES,Security,None,None,W,4598
66,2025-01-03,512,03:00,Friday,KINGSTON LOOP,Security,None,None,E,4526
67,2025-01-03,501,03:13,Friday,CHUCH AND KING,Security,15,30,S,4525
68,2025-01-03,501,04:19,Friday,HUMBER LOOP,Cleaning - Unsanitary,15,30,E,4551
69,2025-01-03,503,05:04,Friday,QUEEN AND GREENWOOD,Security,None,None,E,4444
70,2025-01-03,501,05:54,Friday,QUEENSWAY AND GLENDALE,Security,18,28,E,4589
71,2025-01-03,505,05:57,Friday,VICTORIA AND DUNDAS,General Delay,12,22,W,4507
72,2025-01-03,505,06:54,Friday,LANSDOWNE AND DUNDAS,General Delay,21,31,E,4507
73,2025-01-03,501,07:15,Friday,QUEEN AND CHURCH,Diversion,36,45,N,4404
74,2025-01-03,504,07:30,Friday,CHURCH AND RICHMOND,Mechanical,10,20,N,4491
75,2025-01-03,501,08:02,Friday,QUEEN AND OSSINGTON,Mechanical,9,18,W,4584
76,2025-01-03,505,09:13,Friday,BROADVIEW STATION,Mechanical,10,20,W,4485
77,2025-01-03,505,11:48,Friday,DUNDAS AND DOVERCOURT,Operations,22,32,E,4499
78,2025-01-03,512,13:06,Friday,ST CLAIR AND WYCHWOOD,Cleaning - Unsanitary,10,20,W,4429
79,2025-01-03,504,13:11,Friday,KING AND SUDBURY,Mechanical,10,20,E,4533
80,2025-01-03,504,14:03,Friday,RONCESVALLES AND KING,Collision - TTC Involved,12,22,N,4529
81,2025-01-03,512,14:32,Friday,ST CLAIR AND TWEEDSMUI,Cleaning - Unsanitary,8,16,W,4605
82,2025-01-03,512,15:11,Friday,ST CLAIR AND RUSSELL H,Cleaning - Unsanitary,8,16,E,4516
83,2025-01-03,510,19:15,Friday,CHARLOTTE AND KING,Security,6,12,S,8761
84,2025-01-03,511,20:13,Friday,WOLSELEY LOOP,Mechanical,9,17,S,7112
85,2025-01-03,505,20:57,Friday,DUNDAS AND BAY,Security,7,20,E,4507
86,2025-01-03,505,22:15,Friday,DUNDAS AND BATHURST,General Delay,15,15,E,4630
87,2025-01-03,506,22:17,Friday,GERRARD AND BROADVIEW,Operations,16,26,W,4420
88,2025-01-03,510,23:27,Friday,SPADINA STATION,Security,10,20,N,8653
89,2025-01-03,511,00:39,Friday,BATHURST AND KING,Cleaning - Unsanitary,10,20,S,7019
90,2025-01-03,506,01:59,Friday,UPPER GERRARD AND GLEN,Diversion,19,34,W,4500
91,2025-01-04,305,02:21,Saturday,DUNDAS AND UNIVERSITY,Security,30,45,E,4567
92,2025-01-04,504,04:20,Saturday,DUNDAS WEST STATION,Operations,15,30,E,4532
93,2025-01-04,505,04:43,Saturday,DUNDAS WEST STATION,Security,None,None,W,4540
94,2025-01-04,507,05:17,Saturday,QUEEN AND RONCESVALLES,Emergency Services,15,30,W,4558
95,2025-01-04,512,05:51,Saturday,QUEEN AND LESLIE,Security,None,None,E,4472
96,2025-01-04,510,06:37,Saturday,BATHURST AND LAKESHORE,Security,4,8,S,3360
97,2025-01-04,506,07:42,Saturday,LANSDOWNE AND COLLEGE,General Delay,10,20,N,4574
98,2025-01-04,506,09:12,Saturday,HOWARD PARK AND HIGH P,Diversion,10,20,None,4577
99,2025-01-04,504,09:15,Saturday,DISTILLERY LOOP,Cleaning - Unsanitary,10,20,N,4452
100,2025-01-04,501,12:32,Saturday,QUEEN AND HAMBLY,Diversion,9,19,W,4441
101,2025-01-04,501,13:27,Saturday,QUEEN AND KINGSTON,Cleaning - Unsanitary,9,18,None,4418
102,2025-01-04,510,14:14,Saturday,SPADINA STATION,Collision - TTC Involved,5,10,S,8826
103,2025-01-04,505,14:30,Saturday,DUNDAS AND JARVIS,Cleaning - Unsanitary,6,12,E,4564
104,2025-01-04,510,17:57,Saturday,SPADINA AND QUEEN,Operations,10,20,N,8665
105,2025-01-04,511,19:01,Saturday,BATHURST STATION,Emergency Services,None,None,S,4491
106,2025-01-04,501,20:10,Saturday,NEVILLE LOOP,Security,10,20,None,4489
107,2025-01-04,512,20:10,Saturday,ST CLAIR AND EARLSCOUR,Overhead,9,18,E,4526
108,2025-01-04,501,21:00,Saturday,QUEENSWAY EAST OF HUMB,General Delay,50,60,E,4449
109,2025-01-04,511,21:16,Saturday,BATHURST AND KING,Utilized Off Route,10,20,N,7043
110,2025-01-04,512,21:30,Saturday,ST CLAIR AND EARLS COU,Overhead,9,18,E,4466
111,2025-01-04,505,21:57,Saturday,BROADVIEW STATION,Emergency Services,10,20,W,4544
112,2025-01-04,504,22:08,Saturday,KING AND SUDBURY,Cleaning - Unsanitary,10,20,W,4591
113,2025-01-04,504,22:14,Saturday,DUNDAS AND BLOOR,Cleaning - Unsanitary,10,20,W,4404
114,2025-01-04,511,22:42,Saturday,BATHURST AND DUNDAS,Held By,14,24,N,4522
115,2025-01-04,512,00:11,Saturday,ST CLAIR AND WYCHWOOD,Utilized Off Route,10,20,E,4626
116,2025-01-04,506,00:29,Saturday,COLLEGE AND OSSINGTON,Security,24,34,E,4506
117,2025-01-04,504,01:38,Saturday,55 CONNAUGHT AVENUE,Operations,10,20,E,4588
118,2025-01-05,304,03:07,Sunday,DUNDAS AND BLOOR,Cleaning - Unsanitary,15,30,E,4547
119,2025-01-05,305,03:30,Sunday,DUNDAS AND RIVER,Operations,15,30,E,4422
120,2025-01-05,303,03:36,Sunday,KING AND PARLIAMENT,General Delay,18,33,E,4571
121,2025-01-05,505,04:05,Sunday,DUNDAS WEST STATION,Security,15,30,None,4601
122,2025-01-05,305,04:15,Sunday,DUNDAS WEST STATION,Emergency Services,15,30,W,4405
123,2025-01-05,506,04:46,Sunday,COLLEGE AND BATHURST,Cleaning - Unsanitary,20,40,E,4506
124,2025-01-05,304,06:16,Sunday,KING ABD SPENCER,Mechanical,15,30,E,4486
125,2025-01-05,503,06:21,Sunday,KING AND PARLIAMENT,Emergency Services,10,20,W,4516
126,2025-01-05,504,06:30,Sunday,KING AND PARLIAMENT,Diversion,20,35,W,4419
127,2025-01-05,501,06:50,Sunday,QUEEN AND SILVER BIRCH,Security,14,24,E,4545
128,2025-01-05,504,07:05,Sunday,DUFFERIN GATE LOOP,Cleaning - Unsanitary,15,30,W,4461
129,2025-01-05,504,07:38,Sunday,BROADVIEW AND GERRARD,Emergency Services,19,34,S,4501
130,2025-01-05,505,07:41,Sunday,BROADVIEW AND GERRARD,Emergency Services,10,20,S,4438
131,2025-01-05,None,09:12,Sunday,CNE LOOP,General Delay,None,None,None,None
132,2025-01-05,511,09:35,Sunday,BATHRUST BLOOR - UNION,General Delay,None,None,S,4602
133,2025-01-05,504,09:35,Sunday,KING AND CHURCH,Cleaning - Unsanitary,12,24,W,4419
134,2025-01-05,505,09:38,Sunday,BROADVIEW STATION,Emergency Services,10,20,None,4605
135,2025-01-05,505,11:04,Sunday,BROADVIEW STATION,Emergency Services,10,20,None,4406
136,2025-01-05,510,12:01,Sunday,QUEENS QUAY AND LOWER,Collision - TTC Involved,3,6,N,8673
137,2025-01-05,503,13:49,Sunday,QUEEN AND KINGSTON,Operations,7,17,W,4508
138,2025-01-05,501,13:52,Sunday,HUMBER LOOP,Cleaning - Unsanitary,10,20,W,4579
139,2025-01-05,501,14:10,Sunday,QUEENSWAY AND GLENDALE,Cleaning - Unsanitary,10,20,E,4539
140,2025-01-05,505,15:22,Sunday,BROADVIEW STATION,Emergency Services,11,19,None,4451
141,2025-01-05,501,17:41,Sunday,QUEEN AND EMPIRE,Cleaning - Unsanitary,10,20,E,4540
142,2025-01-05,501,18:31,Sunday,QUEEN AND WOODFIELD,Cleaning - Unsanitary,10,20,E,4567
143,2025-01-05,510,20:08,Sunday,SPADINA AND FRONT,Mechanical,3,6,S,8908
144,2025-01-05,504,20:21,Sunday,EDNA AND DUNDAS,Mechanical,10,20,S,4510
145,2025-01-05,507,20:52,Sunday,KIPLING LOOP,Emergency Services,10,20,W,4558
146,2025-01-05,504,22:12,Sunday,SUNNYSIDE LOOP,General Delay,10,20,W,4521
147,2025-01-05,505,23:33,Sunday,BROADVIEW STATION,Cleaning - Unsanitary,10,20,W,4504
148,2025-01-05,503,23:51,Sunday,KING AND VICTORIA,Diversion,11,22,E,4401
149,2025-01-05,504,23:53,Sunday,KING AND VICTORIA,Diversion,6,16,E,4513
150,2025-01-05,501,01:24,Sunday,QUEEN AND GREENWOOD,Emergency Services,46,56,E,4550
151,2025-01-05,503,01:30,Sunday,QUEEN AND GREENWOOD,Held By,25,35,E,4439
152,2025-01-06,305,02:24,Monday,BROADVIEW STATION,Emergency Services,None,None,N,4429
153,2025-01-06,506,04:36,Monday,KINGSTON ROAD LOOP,Security,None,None,E,4485
154,2025-01-06,507,05:18,Monday,RONCESVALLES YARD,Operations,12,17,W,4592
155,2025-01-06,512,06:08,Monday,ST CLAIR AVE WEST AND,Operations,8,18,W,4469
156,2025-01-06,512,07:23,Monday,ST CLAIR W AND VAUGHAN,General Delay,12,22,W,4634
157,2025-01-06,503,07:34,Monday,BINGHAM LOOP,Emergency Services,45,55,E,4444
158,2025-01-06,505,08:35,Monday,DUNDAS AND YONGE,Collision - TTC Involved,10,20,W,4455
159,2025-01-06,501,08:49,Monday,RONCESVALLES YARD,Operations,15,30,W,4589
160,2025-01-06,504,09:21,Monday,KING AND JARVIS,Diversion,15,25,W,4421
161,2025-01-06,503,09:30,Monday,KING AND SHERBOURNE,Diversion,8,18,W,4414
162,2025-01-06,505,10:49,Monday,BRAODVIEW AND GERRARD,Cleaning - Unsanitary,10,20,W,4461
163,2025-01-06,504,11:25,Monday,DUNDAS WEST STATION,Operations,10,20,W,4521
164,2025-01-06,505,12:36,Monday,DUNDAS AND MUNRO,Emergency Services,30,40,E,4628
165,2025-01-06,512,13:14,Monday,ST. CLAIR STATION,Investigation,None,None,None,4504
166,2025-01-06,509,13:38,Monday,UNION STATION,Emergency Services,16,23,None,4481
167,2025-01-06,510,13:42,Monday,DAN LECKIE AND QUEENS,Utilized Off Route,4,8,E,8822
168,2025-01-06,511,13:50,Monday,UNION STATION,Diversion,9,18,None,None
169,2025-01-06,501,14:17,Monday,QUEEN AND SUMACH,Diversion,780,790,E,4562
170,2025-01-06,512,14:25,Monday,ST CLAIR AND OAKWOOD,Diversion,9,17,W,4463
171,2025-01-06,507,14:53,Monday,ROYAL YORK AND LAKESHO,Mechanical,10,20,N,4511
172,2025-01-06,505,14:57,Monday,DUNDAS AND DOVERCOURT,Diversion,5,15,W,4443
173,2025-01-06,512,16:00,Monday,ST CLAIR AND AVENUE,General Delay,15,23,E,4504
174,2025-01-06,512,17:55,Monday,ST CLAIR AND BATHURST,General Delay,15,23,E,4449
175,2025-01-06,512,18:05,Monday,VAUGHAN AND ST CLAIR,General Delay,11,19,W,4616
176,2025-01-06,504,20:12,Monday,KING AND SPADINA,Operations,28,38,W,4474
177,2025-01-06,510,20:22,Monday,SPADINA AND KING,Diversion,26,30,N,8671
178,2025-01-06,504,20:35,Monday,BROADVIEW AND QUEEN,Mechanical,9,18,S,4411
179,2025-01-06,504,21:10,Monday,KING AND SPADINA,General Delay,None,None,None,None
180,2025-01-06,505,21:23,Monday,BROADVIEW STATION,Cleaning - Unsanitary,10,20,W,4443
181,2025-01-06,505,21:44,Monday,DUNDAS WEST STATION,Security,None,None,None,4429
182,2025-01-06,509,22:40,Monday,SPADINA AND FRONT,General Delay,48,54,S,4473
183,2025-01-06,509,00:12,Monday,FRONT AND SPADINA,General Delay,None,None,N,4622
184,2025-01-06,301,01:04,Monday,QUEEN AND SHAW,Diversion,40,50,W,4549
185,2025-01-06,501,01:45,Monday,LANSDOWNE LOOP,Security,None,None,None,4599
186,2025-01-07,506,02:11,Tuesday,HIGH PARK LOOP,Emergency Services,22,42,None,4529
187,2025-01-07,501,03:44,Tuesday,QUEEN AND SUMACH,Diversion,540,550,None,4565
188,2025-01-07,512,04:03,Tuesday,ST CLAIR STATION,General Delay,14,22,S,4624
189,2025-01-07,503,04:24,Tuesday,KINGSTON ROAD LOOP,Security,None,None,None,4414
190,2025-01-07,None,04:37,Tuesday,LESLIE BARNS,Operations,None,None,None,None
191,2025-01-07,507,04:43,Tuesday,RONCEVALLES YARD,Operations,13,19,None,4554
192,2025-01-07,511,04:44,Tuesday,RONCEVALLES YARD,Operations,10,11,None,4582
193,2025-01-07,507,04:49,Tuesday,RONCESVALLES YARD,Operations,6,11,None,4580
194,2025-01-07,511,04:50,Tuesday,RONCESVALLES YARD,Operations,9,16,None,4595
195,2025-01-07,507,04:56,Tuesday,RONCESVALLES YARD,Operations,5,17,None,4574
196,2025-01-07,501,04:56,Tuesday,RONCESVALLES YARD,Operations,10,22,None,4539
197,2025-01-07,501,05:02,Tuesday,RONCESVALLES YARD,Operations,6,12,None,4546
198,2025-01-07,501,05:03,Tuesday,RONCESVALLES YARD,Operations,15,30,None,4551
199,2025-01-07,507,05:06,Tuesday,RONCESVALLES YARD,Operations,12,24,None,4578
200,2025-01-07,501,05:06,Tuesday,RONCESVALLES TRANSPORT,Operations,None,None,None,4603
201,2025-01-07,301,05:14,Tuesday,LONG BRANCH LOOP,Collision - TTC Involved,None,None,None,4541
202,2025-01-07,501,06:07,Tuesday,QUEEN AND RONCESVALLES,General Delay,None,None,W,4552
203,2025-01-07,510,06:43,Tuesday,SPADINA STATION,Cleaning - Unsanitary,9,18,E,8715
204,2025-01-07,501,10:24,Tuesday,QUEENSWAY AND WINDEMER,Diversion,31,40,E,4553
205,2025-01-07,506,12:02,Tuesday,GERRARD AND BROADVIEW,Security,10,20,W,4605
206,2025-01-07,501,12:27,Tuesday,QUEEN AND SUMACH,Operations,9,18,E,4589
207,2025-01-07,501,15:40,Tuesday,QUEEN AND RONCESVALLES,Diversion,20,30,E,4539
208,2025-01-07,512,16:18,Tuesday,ST CLAIR WEST STATION,Rail/Switches,None,None,W,4459
209,2025-01-07,510,16:43,Tuesday,SPADINA AND BALDWIN,Emergency Services,2,5,N,8799
210,2025-01-07,510,17:02,Tuesday,SPADINA AND COLLEGE,Mechanical,2,5,N,8726
211,2025-01-07,512,17:26,Tuesday,ST CLAIR AND CHRISTIE,General Delay,None,None,W,None
212,2025-01-07,503,18:10,Tuesday,BROADVIEW AND QUEEN,Mechanical,10,20,S,4522
213,2025-01-07,505,18:24,Tuesday,BROADVIEW STATION - 50,Security,10,20,None,4526
214,2025-01-07,505,19:13,Tuesday,BAY AND DUNDAS,Cleaning - Unsanitary,10,20,W,4524
215,2025-01-07,501,21:11,Tuesday,SUNNYSIDE LOOP,Emergency Services,None,None,W,4591
216,2025-01-07,504,21:49,Tuesday,CHURCH AND KING,Emergency Services,10,20,W,4422
217,2025-01-07,506,23:00,Tuesday,COLLEGE AND SPADINA,Diversion,None,None,W,4628
218,2025-01-07,512,23:31,Tuesday,ST CLAIR AND LANSDOWNE,Operations,8,18,W,4456
219,2025-01-07,505,01:53,Tuesday,KINGSTON LOOP,Security,None,None,E,4521
220,2025-01-08,503,03:00,Wednesday,KING AND TYNDALL AVE,Diversion,14,29,E,4631
221,2025-01-08,304,03:02,Wednesday,KING AND SPENCER,Diversion,14,34,E,4470
222,2025-01-08,306,04:20,Wednesday,MAIN STREET STATION,Cleaning - Unsanitary,20,40,W,4415
223,2025-01-08,303,05:03,Wednesday,KING AND QUEEN,Security,19,39,W,4631
224,2025-01-08,501,07:02,Wednesday,QUEEN AND KINGSTON,Cleaning - Unsanitary,8,16,W,4548
225,2025-01-08,509,07:03,Wednesday,KING AND SPADINA,Operations,6,12,W,4453
226,2025-01-08,508,07:27,Wednesday,HUMBER LOOP,General Delay,20,40,None,4556
227,2025-01-08,501,08:13,Wednesday,YORK AND ADELAIDE,Mechanical,9,18,None,4564
228,2025-01-08,506,08:47,Wednesday,COLLEGE AND DOVERCOURT,Mechanical,None,None,W,4485
229,2025-01-08,505,09:24,Wednesday,DUNDAS AND REGENT PARK,Collision - TTC Involved,47,57,E,4441
230,2025-01-08,504,09:32,Wednesday,KING AND JEFFERSON,Diversion,18,28,None,None
231,2025-01-08,510,09:59,Wednesday,SPADINA AND BREMNER,Mechanical,4,8,None,8836
232,2025-01-08,510,12:15,Wednesday,SPADINA AND BLOOR,Mechanical,5,10,None,8856
233,2025-01-08,506,12:18,Wednesday,GERRARD AND NORWOOD,Emergency Services,10,20,E,4501
234,2025-01-08,504,12:27,Wednesday,KING AND UNIVERSITY,Cleaning - Unsanitary,10,20,E,4430
235,2025-01-08,512,15:46,Wednesday,ST CLAIR AND DUFFERIN,General Delay,14,22,E,4487
236,2025-01-08,501,16:48,Wednesday,QUEEN AND BROADVIEW,Mechanical,10,20,W,4564
237,2025-01-08,510,19:57,Wednesday,SPADINA AND NASSAU,Security,3,5,S,8663
238,2025-01-08,505,21:50,Wednesday,DUNDAS WEST STATION,Security,10,20,W,4454
239,2025-01-08,501,21:51,Wednesday,QUEEN AND RONCESVALLES,Operations,10,20,W,4574
240,2025-01-08,501,22:21,Wednesday,KINGSTON LOOP,Security,10,20,E,4554
241,2025-01-08,511,22:50,Wednesday,BATHURST STATION,Operations,13,23,S,4575
242,2025-01-08,506,23:16,Wednesday,CARLTON AND JARVIS,Operations,12,22,E,4405
243,2025-01-08,512,01:30,Wednesday,ST CLAIR WEST STATION,Mechanical,10,20,E,4505
244,2025-01-09,503,02:30,Thursday,QUEEN AND KINGSTON,Rail/Switches,None,None,E,4431
245,2025-01-09,304,02:50,Thursday,BROADVIEW AND JACK LAY,General Delay,25,45,W,4465
246,2025-01-09,305,03:10,Thursday,BROADVIEW AND GERRARD,Mechanical,25,40,S,4456
247,2025-01-09,507,04:13,Thursday,QUEEN AND AUGUSTA,General Delay,20,40,E,4586
248,2025-01-09,506,07:46,Thursday,MAIN STREET STATION,Diversion,7,14,None,4472
249,2025-01-09,501,09:51,Thursday,QUEEN AND BROOKLYN,Cleaning - Unsanitary,10,20,W,4546
250,2025-01-09,510,10:08,Thursday,QUEENS QUAY AND LOWER,Mechanical,5,10,W,8839
251,2025-01-09,505,10:52,Thursday,BROADVIEW,Collision - TTC Involved,18,28,None,4517
252,2025-01-09,510,12:04,Thursday,SPADINA AND KING (SOUT,Mechanical,4,8,N,8829
253,2025-01-09,504,13:34,Thursday,HOWARD PARK AND RONCES,Cleaning - Unsanitary,10,20,W,4433
254,2025-01-09,504,14:19,Thursday,KING AND BATHURST,Emergency Services,10,20,W,4510
255,2025-01-09,512,15:09,Thursday,ST CLAIR AND DUFFERIN,General Delay,11,19,W,4628
256,2025-01-09,506,15:17,Thursday,GERRARD AND COXWELL,Diversion,72,82,E,4432
257,2025-01-09,506,16:17,Thursday,GERRARD AND BLACKBURN,General Delay,None,None,None,None
258,2025-01-09,501,16:24,Thursday,QUEEN AND NEVILLE PARK,Emergency Services,20,30,E,4566
259,2025-01-09,510,17:20,Thursday,SPADINA STATION,Investigation,3,5,N,8735
260,2025-01-09,512,17:43,Thursday,ST CLAIR WEST STATION,General Delay,None,None,W,4420
261,2025-01-09,510,18:18,Thursday,SPADINA AND BLOOR,Collision - TTC Involved,3,5,N,8671
262,2025-01-09,512,19:17,Thursday,ST CLAIR AND LANSDOWNE,Operations,8,16,W,4528
263,2025-01-09,505,20:06,Thursday,DUNDAS AND BAY,General Delay,10,20,E,4517
264,2025-01-09,505,20:13,Thursday,DUNDAS AND CLAREMONT,Collision - TTC Involved,41,51,E,4470
265,2025-01-09,505,20:13,Thursday,MCCAUL AND DUNDAS,Emergency Services,10,20,N,4459
266,2025-01-09,506,21:25,Thursday,DUNDAS AND STERLING,Cleaning - Unsanitary,10,20,E,4443
267,2025-01-09,512,22:17,Thursday,ST CLAIR AND OAKWOOD,General Delay,12,22,W,4451
268,2025-01-09,501,00:02,Thursday,SUNNYSIDE LOOP,Emergency Services,10,20,None,4584
269,2025-01-09,505,00:06,Thursday,DUNDAS AND HOWARD PARK,Security,10,20,E,4607
270,2025-01-09,505,01:07,Thursday,DUNDAS AND SHERIDAN,Mechanical,10,20,E,4476
271,2025-01-09,504,01:42,Thursday,CHERRY AND FRONT,Cleaning - Unsanitary,10,20,E,4510
272,2025-01-09,505,01:52,Thursday,PARLIAMENT AND QUEEN,Emergency Services,20,35,N,4613
273,2025-01-09,501,01:59,Thursday,PARLIAMENT AND SHUTER,Security,15,30,S,4551
274,2025-01-10,507,02:00,Friday,RONCESVALLES CARHOUSE,Held By,18,33,W,4561
275,2025-01-10,506,02:08,Friday,COLLEGE AND GLADSTONE,Diversion,11,21,E,4520
276,2025-01-10,511,05:04,Friday,QUEENS QUAY AND SPADIN,Security,11,21,E,4566
277,2025-01-10,511,05:05,Friday,RONCESVALLES CARHOUSE,Security,11,21,W,4566
278,2025-01-10,511,06:55,Friday,RONCESVALLES CARHOUSE,Operations,9,None,E,4592
279,2025-01-10,510,09:33,Friday,SPADINA STATION,Utilized Off Route,3,7,E,8864
280,2025-01-10,506,10:07,Friday,QUEENS PARK STATION,Security,10,20,E,4634
281,2025-01-10,512,10:26,Friday,ST CLAIR WEST STATION,Operations,8,16,None,4622
282,2025-01-10,501,10:40,Friday,QUEEN AND RIVER,Diversion,27,36,W,4532
283,2025-01-10,504,12:50,Friday,RONCESVALLES CARHOUSE,Security,10,20,E,4416
284,2025-01-10,501,13:03,Friday,CHURCH AND QUEEN,Security,10,20,N,4565
285,2025-01-10,501,13:30,Friday,ADELAIDE AND BAY,Investigation,10,20,E,4539
286,2025-01-10,501,15:59,Friday,QUEEN AND RONCESVALLES,Security,None,None,E,4565
287,2025-01-10,504,16:18,Friday,KING AND PARLIAMENT,Diversion,None,None,E,None
288,2025-01-10,503,16:24,Friday,KING AND PARLIAMENT,Diversion,45,55,None,4481
289,2025-01-10,501,16:31,Friday,QUEEN AND LOGAN,Collision - TTC Involved,70,80,E,4597
290,2025-01-10,508,16:32,Friday,KING AND PARLIAMENT,Diversion,None,None,None,4536
291,2025-01-10,503,16:51,Friday,QUEEN AND LOGAN,Diversion,70,80,None,None
292,2025-01-10,511,20:45,Friday,BATHURST AND ROBINSON,Collision - TTC Involved,8,16,S,3183
293,2025-01-10,503,21:00,Friday,QUEEN AND CONNAUGHT,Operations,66,76,E,4623
294,2025-01-10,511,21:13,Friday,BATHURST AND ROBINSON,Diversion,51,67,S,4584
295,2025-01-10,505,21:16,Friday,BROADVIEW AND DUNDAS,Operations,16,26,S,4418
296,2025-01-10,510,21:52,Friday,SPADINA AND QUEEN,Mechanical,3,6,S,8746
297,2025-01-10,505,21:55,Friday,DUNDAS AND JARVIS,General Delay,None,None,E,None
298,2025-01-10,512,22:04,Friday,BATHURST AND DAVENPORT,Held By,None,None,S,4622
299,2025-01-10,505,22:05,Friday,DUNDAS AND PARLIAMENT,Security,None,None,W,4418
300,2025-01-10,504,22:33,Friday,KING AND SPADINA,Operations,42,52,W,4517
301,2025-01-10,504,22:42,Friday,KING AND ONTARIO,Diversion,42,52,W,4445
302,2025-01-10,505,22:42,Friday,QUEEN AND CARLAW,Security,None,None,E,4484
303,2025-01-10,501,23:27,Friday,HUMBER LOOP,Emergency Services,49,59,E,4593
304,2025-01-10,504,23:37,Friday,BROADVIEW AND QUEEN,Operations,55,65,S,4519
305,2025-01-10,512,23:47,Friday,ST CLAIR AND LANSDOWNE,Rail/Switches,45,55,W,4404
306,2025-01-10,504,00:06,Friday,PARLIAMENT AND QUEEN,Operations,55,65,S,4625
307,2025-01-10,504,01:19,Friday,PARLIAMENT AND KING,Operations,None,None,S,4491
308,2025-01-10,510,01:56,Friday,BLOOR AND SPADINA,Security,None,None,S,8864
309,2025-01-11,512,02:28,Saturday,LANSDOWNE AND ST CLAIR,Diversion,20,40,S,4458
310,2025-01-11,512,02:45,Saturday,COLLEGE AND BATHURST,Held By,43,63,E,4457
311,2025-01-11,504,03:21,Saturday,QUEEN AND BROADVIEW,Operations,10,30,E,4489
312,2025-01-11,506,03:41,Saturday,COLLEGE AND BATHURST,Held By,43,63,E,4413
313,2025-01-11,503,03:45,Saturday,KING AND QUEEN,Security,None,None,W,4633
314,2025-01-11,504,04:07,Saturday,LESLIE BARNS,Operations,20,25,E,4423
315,2025-01-11,512,04:07,Saturday,LESLIE BARNS,Operations,10,16,E,4435
316,2025-01-11,505,04:24,Saturday,KINGSTON LOOP,Security,None,None,E,4530
317,2025-01-11,507,04:24,Saturday,RONCESVALLES YARD,Operations,None,17,E,4566
318,2025-01-11,501,04:31,Saturday,RONCESVALLES YARD,Operations,10,20,W,4559
319,2025-01-11,512,04:34,Saturday,ST CLAIR AND CALEDONIA,Operations,20,40,W,4614
320,2025-01-11,509,05:23,Saturday,LESLIE BARNS,Operations,9,13,W,4644
321,2025-01-11,504,05:24,Saturday,QUEEN AND LESLIE,Held By,10,13,W,4644
322,2025-01-11,509,05:41,Saturday,LESLIE BARNS,General Delay,10,13,N,4456
323,2025-01-11,512,06:46,Saturday,ST CLAIR AND WINONA,Mechanical,10,20,W,4451
324,2025-01-11,503,07:04,Saturday,KING AND YORK,Mechanical,10,20,None,4486
325,2025-01-11,504,07:47,Saturday,KING AND TECUMSETH,General Delay,10,20,W,4441
326,2025-01-11,511,08:36,Saturday,BATHURST AND FORT YORK,General Delay,None,None,None,None
327,2025-01-11,511,09:36,Saturday,QUEEN'S QUAY AND SPADI,Rail/Switches,None,None,E,4547
328,2025-01-11,501,10:02,Saturday,HUMBER LOOP,Emergency Services,10,20,None,4532
329,2025-01-11,503,10:12,Saturday,KING AND CHURCH,Operations,10,20,W,4431
330,2025-01-11,510,10:14,Saturday,LAKESHORE AND SPADINA,Diversion,15,19,W,8808
331,2025-01-11,504,10:47,Saturday,KING AND SHAW,Security,10,20,W,4516
332,2025-01-11,509,12:01,Saturday,LESLIE BARNS,Operations,4,13,N,4598
333,2025-01-11,506,12:41,Saturday,COLLEGE AND YONGE,General Delay,None,None,None,4425
334,2025-01-11,504,13:55,Saturday,RONCEVALLES AND DUNDAS,Mechanical,5,10,S,4461
335,2025-01-11,511,14:29,Saturday,BATHURST STATION,Cleaning - Unsanitary,8,16,S,4538
336,2025-01-11,512,15:24,Saturday,ST CLAIR AND OAKWOOD,Rail/Switches,None,None,W,4517
337,2025-01-11,510,15:30,Saturday,SPADINA AND FORT YORK,Mechanical,9,18,S,8751
338,2025-01-11,501,15:53,Saturday,NEVILLE PARK LOOP,Emergency Services,13,23,None,4588
339,2025-01-11,506,16:29,Saturday,COXWELL AND LOWER GERR,Operations,25,35,E,4412
340,2025-01-11,501,16:48,Saturday,QUEEN AND NEVILLE PARK,Emergency Services,25,35,E,4586
341,2025-01-11,506,16:49,Saturday,COLLEGE AND SPADINA,Operations,26,36,E,4489
342,2025-01-11,505,18:01,Saturday,BROADVIEW STATION,Operations,37,44,W,4475
343,2025-01-11,507,18:54,Saturday,LAKESHORE AND MARINE P,Security,5,15,W,4592
344,2025-01-11,507,19:50,Saturday,HUMBER LOOP AND THE QU,Operations,10,20,W,4566
345,2025-01-11,501,20:00,Saturday,NEVILLE PARK LOOP,Emergency Services,18,28,None,4588
346,2025-01-11,503,21:25,Saturday,QUEEN AND BOULTON,Operations,10,20,W,4631
347,2025-01-11,503,21:31,Saturday,BINGHAM LOOP,Collision - TTC Involved,10,20,None,4497
348,2025-01-11,505,21:33,Saturday,DUNDAS AND JARVIS,Investigation,87,97,W,4509
349,2025-01-11,506,22:58,Saturday,PARLIAMENT AND CARLTON,Diversion,25,35,N,4476
350,2025-01-11,504,23:07,Saturday,KING AND TRILLER,Security,21,31,W,4419
351,2025-01-11,504,23:39,Saturday,RONCESVALLES AND QUEEN,Diversion,21,31,W,4524
352,2025-01-11,509,23:40,Saturday,QUEENS QUAY AND HARBOU,Utilized Off Route,25,35,E,4416
353,2025-01-11,505,23:44,Saturday,BROADVIEW AND WOLFREY,Cleaning - Unsanitary,10,20,W,4480
354,2025-01-11,501,00:20,Saturday,QUEEN AND AUGUSTA,Security,10,20,W,4588
355,2025-01-11,505,01:00,Saturday,BROADVIEW AND WOLFREY,Cleaning - Unsanitary,10,20,N,4426
356,2025-01-12,507,02:37,Sunday,RONCESVALLES CARHOUSE,Security,None,None,N,4561
357,2025-01-12,501,02:48,Sunday,SUNNYSIDE LOOP,Investigation,15,30,W,4596
358,2025-01-12,505,05:21,Sunday,LESLIE AND QUEEN,Security,None,None,E,4469
359,2025-01-12,505,05:57,Sunday,RONCESVALLES AND DUNDA,Diversion,21,31,E,4422
360,2025-01-12,504,06:06,Sunday,RONCESVALLES AND DUNDA,Diversion,14,28,E,4510
361,2025-01-12,501,06:14,Sunday,QUEEN AND SHAW,General Delay,10,20,E,4544
362,2025-01-12,503,06:27,Sunday,YORK AND WELLINGTON,Emergency Services,10,20,N,4623
363,2025-01-12,506,06:46,Sunday,MAIN STATION,Security,22,32,W,4520
364,2025-01-12,506,06:46,Sunday,MAIN STATION,Security,None,None,None,4622
365,2025-01-12,510,07:01,Sunday,LOWER SPADINA AND LAKE,Held By,10,19,None,8781
366,2025-01-12,509,07:09,Sunday,SPADINA AND QUEENS QUA,Held By,38,27,S,4616
367,2025-01-12,504,07:18,Sunday,RONCESVALLES AND HOWAR,Diversion,None,None,None,4522
368,2025-01-12,505,07:24,Sunday,DUNDAS AND HOWARD PARK,Diversion,64,74,E,4501
369,2025-01-12,511,07:28,Sunday,QUEEN'S QUAY AND LOWER,Held By,12,22,None,4585
370,2025-01-12,511,07:35,Sunday,LOWER SPADINA AND QUEE,Held By,12,22,W,None
371,2025-01-12,501,07:43,Sunday,QUEEN AND RONCESVALLES,Cleaning - Unsanitary,10,20,W,4601
372,2025-01-12,511,08:34,Sunday,BATHURST AND FORT YORK,General Delay,None,None,None,None
373,2025-01-12,505,13:45,Sunday,DUNDAS AND SHERIDAN,Diversion,8,14,E,4419
374,2025-01-12,504,13:46,Sunday,BROADVIEW STATION,Security,None,None,None,4446
375,2025-01-12,504,14:05,Sunday,BROADVIEW AND QUEEN,Emergency Services,11,21,S,4611
376,2025-01-12,503,14:25,Sunday,BINGHAM LOOP,Cleaning - Unsanitary,10,20,W,4431
377,2025-01-12,504,14:40,Sunday,KING AND DUFFERIN,Security,10,20,W,4405
378,2025-01-12,512,14:55,Sunday,ST CLAIR AND WINONA,Security,41,49,W,4407
379,2025-01-12,512,15:01,Sunday,ST CLAIR AND AVENUE,General Delay,12,20,E,4458
380,2025-01-12,501,15:11,Sunday,QUEEN AND KINGSTON ROA,Operations,60,70,E,4590
381,2025-01-12,503,15:20,Sunday,QUEEN AND KINGSTON,Diversion,50,60,E,4498
382,2025-01-12,512,18:02,Sunday,ST CLAIR AND LANSDOWNE,General Delay,9,17,W,4506
383,2025-01-12,512,18:03,Sunday,ST CLAIR AND CALEDONIA,General Delay,8,16,E,4517
384,2025-01-12,512,18:03,Sunday,ST CLAIR AND VAUGHAN,General Delay,10,18,W,4628
385,2025-01-12,510,19:07,Sunday,SPADINA STATION,Collision - TTC Involved,None,None,None,8926
386,2025-01-12,501,19:28,Sunday,QUEEN AND COXWELL,Security,11,21,E,4569
387,2025-01-12,512,19:56,Sunday,ST CLAIR WEST AND DEER,General Delay,7,17,E,4506
388,2025-01-12,512,19:57,Sunday,ST CLAIR AND LAGHTON,Operations,14,24,W,4480
389,2025-01-12,512,21:02,Sunday,ST CLAIR WEST STATION,General Delay,12,22,W,4447
390,2025-01-12,503,21:05,Sunday,QUEEN AND JONES,Rail/Switches,33,43,W,4498
391,2025-01-12,501,21:14,Sunday,QUEEN AND JONES,Diversion,33,43,W,4615
392,2025-01-12,512,21:23,Sunday,ST CLAIR AND BATHURST,Operations,12,22,W,4423
393,2025-01-12,506,21:30,Sunday,MAIN STREET STATION,Emergency Services,None,None,None,4482
394,2025-01-12,501,21:59,Sunday,QUEEN AND JONES,Diversion,39,49,W,4535
395,2025-01-12,503,22:01,Sunday,QUEEN AND JONES,Rail/Switches,39,49,None,None
396,2025-01-12,None,22:53,Sunday,FLEET AND IANNUZZI ST,General Delay,None,None,W,322
397,2025-01-12,501,23:39,Sunday,QUEENSWAY AND GLANDALE,Security,20,30,W,4593
398,2025-01-12,503,00:46,Sunday,QUEEN AND JONES,Security,30,40,W,4503
399,2025-01-12,507,00:50,Sunday,QUEEN AND JONES,Held By,30,40,W,4587
400,2025-01-13,505,02:29,Monday,BROADVIEW STATION,Emergency Services,30,50,None,4530
401,2025-01-13,506,04:36,Monday,KINGSTON LOOP,Security,None,None,None,4432
402,2025-01-13,504,04:38,Monday,KINGSTON LOOP,Security,None,None,E,4451
403,2025-01-13,507,08:19,Monday,LAKESHORE AND ROYAL YO,Diversion,51,61,E,4589
404,2025-01-13,512,08:34,Monday,ST CLAIR AND NORTHCLIF,Operations,9,18,W,4555
405,2025-01-13,507,09:09,Monday,LAKESHORE AND ROYAL YO,Mechanical,None,None,E,3213
406,2025-01-13,511,10:10,Monday,QUEENS QUAY AND SPADIN,Overhead,None,None,W,4565
407,2025-01-13,511,11:24,Monday,BATHURST AND HARBORD,Mechanical,9,18,S,4573
408,2025-01-13,505,12:03,Monday,DUNDAS WEST STATION,Collision - TTC Involved,10,20,None,4611
409,2025-01-13,511,12:50,Monday,FLEET AND STRATCHAN,Rail/Switches,None,None,None,None
410,2025-01-13,506,13:07,Monday,COLLEGE AND SPADINA,Security,10,20,E,4413
411,2025-01-13,501,14:23,Monday,QUEEN AND JOHN,Security,None,None,E,4546
412,2025-01-13,512,15:47,Monday,ST CLAIR WEST STATION,General Delay,None,None,N,None
413,2025-01-13,506,18:04,Monday,COLLEGE AND SPADINA,Security,43,53,E,4457
414,2025-01-13,506,18:26,Monday,GERRARD AND DE GRASSI,General Delay,23,33,W,4644
415,2025-01-13,505,22:25,Monday,DUNDAS AND BLOOR,Security,None,None,N,4451
416,2025-01-13,510,22:48,Monday,KING AND SPADINA,Security,6,12,S,8762
417,2025-01-13,506,22:53,Monday,HOWARD PARK AND INDIAN,Security,9,29,E,4515
418,2025-01-13,510,01:06,Monday,SPADINA STATION,Collision - TTC Involved,9,18,None,8709
419,2025-01-13,510,01:06,Monday,SPADINA STATION,Collision - TTC Involved,15,30,None,8685
420,2025-01-13,506,01:26,Monday,KINGSTON ROAD LOOP,Emergency Services,None,None,None,4474
421,2025-01-13,507,01:30,Monday,HUMBER LOOP AND THE QU,Cleaning - Unsanitary,13,26,W,4532
422,2025-01-13,501,01:54,Monday,KINGSTON RD LOOP,Security,15,30,E,4584
423,2025-01-14,512,02:22,Tuesday,ST CLAIR WEST STATION,Cleaning - Unsanitary,20,40,W,4529
424,2025-01-14,501,03:00,Tuesday,QUEEN AND AUGUSTA,Cleaning - Unsanitary,14,28,W,4584
425,2025-01-14,505,04:06,Tuesday,DUNDAS AND BLOOR,Cleaning - Unsanitary,20,40,E,4464
426,2025-01-14,507,05:19,Tuesday,ROYAL YORK AND LAKE SH,Mechanical,10,20,N,4567
427,2025-01-14,503,05:36,Tuesday,QUEEN AND GREENWOOD,Security,None,None,E,4631
428,2025-01-14,501,06:21,Tuesday,SUNNYSIDE LOOP,Security,None,None,None,4571
429,2025-01-14,506,06:43,Tuesday,COLLEGE AND AUGUSTA,Diversion,10,20,W,4629
430,2025-01-14,512,06:45,Tuesday,COLLEGE AND AUGUSTA,Held By,10,20,W,4401
431,2025-01-14,512,06:48,Tuesday,280 COLLEGE STREET,Held By,10,20,W,4499
432,2025-01-14,512,06:49,Tuesday,COLLEGE AND AUGUSTA,Diversion,10,20,W,4401
433,2025-01-14,510,08:13,Tuesday,SPADINA STATION BUS EN,Operations,4,8,S,8681
434,2025-01-14,512,08:24,Tuesday,ST CLAIR STATION,Cleaning - Unsanitary,8,16,E,4487
435,2025-01-14,501,09:13,Tuesday,QUEEN AND NEVILLE PARK,Cleaning - Unsanitary,9,18,W,4552
436,2025-01-14,504,15:20,Tuesday,KING AND SUMACH,Operations,10,20,E,4407
437,2025-01-14,512,15:51,Tuesday,EARLSCOURT LOOP,General Delay,None,None,None,None
438,2025-01-14,503,16:11,Tuesday,KINGSTON AND VICTORIA,Diversion,48,58,E,4624
439,2025-01-14,510,20:19,Tuesday,SPADINA AND KING,General Delay,7,10,None,8756
440,2025-01-14,501,20:26,Tuesday,QUEEN AND SORAUREN,Emergency Services,43,53,W,4596
441,2025-01-14,501,21:38,Tuesday,NEVILLE LOOP,Cleaning - Unsanitary,10,20,W,4553
442,2025-01-14,505,22:46,Tuesday,DUNDAS WEST STATION,General Delay,10,20,E,4441
443,2025-01-14,501,22:49,Tuesday,PARLIAMENT AND DUNDAS,Operations,10,20,S,4574
444,2025-01-15,501,03:09,Wednesday,LONG BRANCH LOOP,Operations,15,30,E,4591
445,2025-01-15,506,03:35,Wednesday,HOWARD PARK AND PARKSI,Security,None,None,W,4522
446,2025-01-15,505,03:53,Wednesday,BROADVIEW STATION,Cleaning - Unsanitary,20,40,W,4525
447,2025-01-15,506,04:28,Wednesday,COLLEGE AND DOVERCOURT,Cleaning - Unsanitary,20,40,W,4443
448,2025-01-15,505,04:33,Wednesday,BROADVIEW STATION,Security,28,38,None,4453
449,2025-01-15,506,08:17,Wednesday,COLLEGE AND SPADINA,Diversion,10,20,E,4527
450,2025-01-15,506,08:19,Wednesday,COLLEGE AND SPADINA,Diversion,10,20,W,4516
451,2025-01-15,501,08:49,Wednesday,QUEEN AND WOODBINE,General Delay,11,19,W,4615
452,2025-01-15,511,08:52,Wednesday,BATHURST STATION,Mechanical,9,18,S,4553
453,2025-01-15,506,10:45,Wednesday,PARLIAMENT AND GERRARD,Emergency Services,10,20,S,4451
454,2025-01-15,None,11:17,Wednesday,485 KINGSTON ROAD,Mechanical,10,20,None,4635
455,2025-01-15,510,11:20,Wednesday,QUEENS QUAY LOOP,Emergency Services,4,8,None,8781
456,2025-01-15,501,12:17,Wednesday,QUEEN AND OSSINGTON,General Delay,17,26,E,4588
457,2025-01-15,507,12:35,Wednesday,4233 LAKESHORE BOULEVA,Mechanical,10,20,E,4554
458,2025-01-15,505,14:36,Wednesday,DUNDAS AND JARVIS,Security,5,15,E,4466
459,2025-01-15,501,15:19,Wednesday,PARLIAMENT AND GERRARD,Security,10,20,N,4590
460,2025-01-15,512,15:35,Wednesday,ST CLAIR AVE WEST STAT,General Delay,None,None,None,None
461,2025-01-15,504,15:49,Wednesday,KING AND SHAW,General Delay,None,None,None,None
462,2025-01-15,501,20:56,Wednesday,QUEEN AND SPADINA,Diversion,61,71,W,4584
463,2025-01-15,501,21:01,Wednesday,QUEENS AND BATHURST,Collision - TTC Involved,59,69,W,4571
464,2025-01-15,505,00:22,Wednesday,DUSDAS AND BATHURST,Overhead,15,25,W,4453
465,2025-01-15,305,01:38,Wednesday,DUNDAS AND UNIVERSITY,Emergency Services,15,25,W,4441
466,2025-01-16,506,02:13,Thursday,COLLEGE AND UNIVERSITY,Diversion,263,293,E,4523
467,2025-01-16,507,03:55,Thursday,QUEEN AND COXWELL,Cleaning - Unsanitary,15,30,W,4545
468,2025-01-16,505,04:12,Thursday,LESLIE AND COMMISSIONE,Security,None,None,W,4404
469,2025-01-16,505,05:19,Thursday,DUNDAS AND BROADVIEW,General Delay,None,None,W,None
470,2025-01-16,505,05:33,Thursday,KINGSTON LOOP,Emergency Services,21,36,None,4500
471,2025-01-16,504,06:10,Thursday,QUEEN AND LESLIE,Security,None,None,W,4434
472,2025-01-16,503,06:50,Thursday,QUEEN AND COXWELL,General Delay,None,None,None,None
473,2025-01-16,506,08:38,Thursday,COXWELL AND LOWER GERR,Operations,10,20,W,4407
474,2025-01-16,501,09:01,Thursday,QUEEN AND KINGSTON,General Delay,None,None,W,4574
475,2025-01-16,506,11:10,Thursday,COXWELL AND LOWER GERR,Mechanical,10,20,W,4472
476,2025-01-16,501,12:13,Thursday,CHURCH AND QUEEN,Security,7,16,N,4582
477,2025-01-16,510,12:39,Thursday,SPADINA STATION,Cleaning - Unsanitary,4,8,N,8865
478,2025-01-16,510,12:50,Thursday,SPADINA AND NASSAU,Utilized Off Route,4,8,S,8647
479,2025-01-16,510,12:51,Thursday,SPADINA AND FRONT,Mechanical,4,8,S,8769
480,2025-01-16,510,12:59,Thursday,SPADINA AND QUEENS QUE,Utilized Off Route,4,8,N,8865
481,2025-01-16,506,13:55,Thursday,COXWELL AND LOWER GERR,Operations,10,20,S,4512
482,2025-01-16,511,14:00,Thursday,205 BATHURST,Mechanical,5,10,S,7270
483,2025-01-16,504,14:31,Thursday,BROADVIEW AND DANFORTH,Collision - TTC Involved,54,64,S,4488
484,2025-01-16,505,14:34,Thursday,BROADVIEW AND BLOOR,Diversion,63,73,S,4488
485,2025-01-16,501,14:52,Thursday,ADELAIDE AND YONGE,Security,9,18,W,4565
486,2025-01-16,501,15:11,Thursday,QUEEN AND GWYNNE,Security,7,16,W,4582
487,2025-01-16,506,16:00,Thursday,GERRARD AND BROADVIEW,General Delay,None,None,None,None
488,2025-01-16,506,16:04,Thursday,COLLEGE AND BATHURST,Security,None,None,W,4487
489,2025-01-16,510,16:09,Thursday,7 SPADINA ROAD,Cleaning - Unsanitary,4,8,N,8791
490,2025-01-16,501,16:23,Thursday,QUEEN AND LANSDOWNE,General Delay,8,9,W,4602
491,2025-01-16,501,16:51,Thursday,QUEEN AND BROCK,Collision - TTC Involved,8,16,W,4567
492,2025-01-16,507,19:24,Thursday,DUNDAS WEST STATION,Security,None,20,None,4556
493,2025-01-16,501,19:28,Thursday,SUNNYSIDE LOOP,Security,10,21,None,4593
494,2025-01-16,501,19:44,Thursday,QUEEN AND SUDBURY,General Delay,11,22,E,4536
495,2025-01-16,504,19:47,Thursday,QUEEN AND OSSINGTON,Held By,10,20,E,4628
496,2025-01-16,505,20:04,Thursday,ADELAIDE AND BAY,Diversion,61,71,E,4515
497,2025-01-16,505,20:18,Thursday,DUNDAS AND BAY,Diversion,61,71,E,4441
498,2025-01-16,501,20:53,Thursday,ADELAIDE AND YORK,Held By,31,41,E,4536
499,2025-01-16,505,20:54,Thursday,ADELAIDE AND BAY,Emergency Services,27,37,E,4459
500,2025-01-16,506,21:00,Thursday,HIGH PARK LOOP,Cleaning - Unsanitary,21,31,E,4616
501,2025-01-16,510,21:01,Thursday,SPADINA STATION,Operations,4,8,N,8748
502,2025-01-16,510,21:11,Thursday,SPADINA AND BLOOR,Operations,4,8,N,8748
503,2025-01-16,504,21:18,Thursday,DISTILLARY LOOP,Held By,10,20,W,4519
504,2025-01-16,501,23:18,Thursday,QUEEN AND KINGSTON RD,Cleaning - Unsanitary,10,20,W,4600
505,2025-01-16,505,23:39,Thursday,DUNDAS AND BAY,Security,19,31,N,4475
506,2025-01-16,505,00:23,Thursday,DUNDAS AND PARLIAMENT,Emergency Services,10,20,S,4434
507,2025-01-17,505,02:10,Friday,BROADVIEW STATION,Security,53,73,None,4475
508,2025-01-17,512,02:47,Friday,LESLIE AND QUEEN,Security,None,None,None,4435
509,2025-01-17,304,05:20,Friday,KINGSTON ROAD LOOP,Security,None,None,None,4634
510,2025-01-17,506,05:31,Friday,MAIN STATION,Emergency Services,20,40,None,4496
511,2025-01-17,512,05:41,Friday,ST CLAIR AND AVENUE,Mechanical,10,30,E,4422
512,2025-01-17,501,06:07,Friday,CHURCH AND RICHMOND,General Delay,None,None,W,4578
513,2025-01-17,501,06:39,Friday,CHURCH AND RICHMOND,Security,61,71,S,4544
514,2025-01-17,512,07:29,Friday,ST CLAIR AND DEER PARK,Operations,26,34,E,4491
515,2025-01-17,509,07:39,Friday,QUEENS QUAY AND DAN LE,Utilized Off Route,6,12,E,4434
516,2025-01-17,511,07:57,Friday,BATHURST STATION,General Delay,None,None,None,None
517,2025-01-17,501,08:32,Friday,QUEEN AND WINEVA,Held By,16,25,W,4547
518,2025-01-17,504,09:38,Friday,SHAW AND KING,Diversion,45,55,E,4634
519,2025-01-17,507,09:44,Friday,LAKE SHORE AND ROYAL Y,Cleaning - Unsanitary,10,20,W,4551
520,2025-01-17,512,13:31,Friday,OAKWOOD LOOP,Mechanical,8,16,E,4434
521,2025-01-17,506,13:38,Friday,GERRARD AND GREENWOOD,Diversion,34,44,N,4484
522,2025-01-17,510,13:39,Friday,SPADINA AND WILCOX,Investigation,3,7,S,8831
523,2025-01-17,501,13:40,Friday,QUEEN AND AUGUSTA,Diversion,7,17,None,4550
524,2025-01-17,512,14:09,Friday,ST. CLAIR AND WINONA,Operations,15,23,W,4432
525,2025-01-17,506,14:33,Friday,PARLIAMENT AND GERRARD,General Delay,None,None,None,4452
526,2025-01-17,512,14:39,Friday,ST. CLAIR AND YONGE,Operations,9,17,W,4458
527,2025-01-17,512,15:01,Friday,ST. CLAIR AND WESTON,Operations,11,19,W,4514
528,2025-01-17,506,15:12,Friday,GERRARD AND HOWLAND,Security,None,None,E,4420
529,2025-01-17,503,17:34,Friday,WELLINGTON AND YORK,General Delay,7,17,N,4631
530,2025-01-17,504,17:50,Friday,BROADVIEW AND WITHROW,Investigation,21,31,S,4411
531,2025-01-17,505,18:08,Friday,DUNDAS AND MUNRO,Held By,17,27,W,4618
532,2025-01-17,510,18:36,Friday,LOWER SPADINA AND QUEE,Security,3,7,N,8684
533,2025-01-17,505,19:37,Friday,BROADVIEW STATION,Security,34,44,N,4523
534,2025-01-17,511,20:00,Friday,SPADINA AND QUEENS QUA,Operations,10,20,N,4535
535,2025-01-17,501,20:00,Friday,CHURCH AND QUEEN,Investigation,5,15,N,4579
536,2025-01-17,509,20:15,Friday,SPADINA AND QUEENS QUA,Diversion,61,71,W,4501
537,2025-01-17,504,20:35,Friday,KING BETWEEN SHAW AND,General Delay,None,None,None,None
538,2025-01-17,503,20:46,Friday,QUEEN AND KINGSTON,General Delay,10,20,E,4464
539,2025-01-17,506,21:00,Friday,GERRARD AND BROADVIEW,Cleaning - Unsanitary,10,20,E,4476
540,2025-01-17,507,21:25,Friday,HUMBER LOOP AT THE QUE,Cleaning - Unsanitary,10,20,E,4583
541,2025-01-17,505,21:46,Friday,DUNDAS WEST AND BEVERL,Cleaning - Unsanitary,10,20,W,4416
542,2025-01-17,505,23:55,Friday,DUNDAS WEST STATION,Cleaning - Unsanitary,10,20,None,4629
543,2025-01-17,505,00:27,Friday,DUNDAS AND ST PATRICK,Security,49,59,W,4413
544,2025-01-17,501,00:31,Friday,QUEEN AND TRILLER,Diversion,7,17,None,4593
545,2025-01-18,504,02:34,Saturday,KING AND PORTLAND,General Delay,10,20,E,4512
546,2025-01-18,507,02:42,Saturday,DUFFERIN GATE LOOP,Security,15,30,None,4594
547,2025-01-18,509,04:23,Saturday,QUEENS QUAY STATION,Security,None,None,None,None
548,2025-01-18,505,04:55,Saturday,QUEEN AND LESLIE,Emergency Services,None,None,E,4527
549,2025-01-18,505,05:32,Saturday,QUEEN AND LES LIE,Security,None,None,E,4628
550,2025-01-18,509,06:10,Saturday,QUEENS QUAY TUNNEL,Rail/Switches,10,None,E,4552
551,2025-01-18,505,06:46,Saturday,DUNDAS AND LANSDOWNE,Operations,10,20,W,4510
552,2025-01-18,501,09:49,Saturday,QUEEN AND BOULTON,Diversion,None,None,W,4597
553,2025-01-18,503,09:53,Saturday,QUEEN AND BOULTON,Diversion,None,None,W,None
554,2025-01-18,505,10:34,Saturday,BROADVIEW STATION,Cleaning - Unsanitary,10,20,W,4509
555,2025-01-18,501,12:10,Saturday,NEVILLE LOOP,Investigation,10,20,None,4543
556,2025-01-18,506,13:42,Saturday,COLLEGE AND HAVELOCK,General Delay,None,None,W,4491
557,2025-01-18,504,14:09,Saturday,KING AND SPENCER,Cleaning - Unsanitary,10,20,E,4448
558,2025-01-18,512,14:51,Saturday,ST CLAIR STATION TO GU,General Delay,None,None,None,None
559,2025-01-18,503,16:20,Saturday,BINGHAM LOOP,Diversion,None,None,W,4609
560,2025-01-18,503,16:28,Saturday,BINGHAM LOOP,Held By,42,52,W,4609
561,2025-01-18,512,18:10,Saturday,ST CLAIR WEST STATION,General Delay,17,25,W,4416
562,2025-01-18,512,19:31,Saturday,BATHURST AND COLLEGE,Operations,None,None,S,4416
563,2025-01-18,503,19:34,Saturday,WELLINGTON AND LEADER,General Delay,10,20,W,4621
564,2025-01-18,511,19:37,Saturday,BATHURST AND COLLEGE,Diversion,36,46,S,None
565,2025-01-18,505,19:45,Saturday,BROADVIEW STATION,Security,40,50,None,4473
566,2025-01-18,504,20:18,Saturday,BROADVIEW STATION,Operations,10,20,E,4526
567,2025-01-18,504,20:30,Saturday,DUNDAS WEST STATION,General Delay,None,None,None,None
568,2025-01-18,999,20:36,Saturday,KING AND BATHURST,Operations,None,None,E,4562
569,2025-01-18,505,21:23,Saturday,BROADVIEW STATION,Cleaning - Unsanitary,10,20,W,4628
570,2025-01-18,505,23:29,Saturday,BROADVIEW STATION,Security,15,25,None,4629
571,2025-01-18,506,23:44,Saturday,HIGH PARK LOOP,Security,None,None,E,4429
572,2025-01-18,501,23:53,Saturday,QUEEN AND BATHURST,Investigation,7,17,E,4595
573,2025-01-18,505,00:06,Saturday,DUNDAS AND OSSINGTON,Security,8,16,E,4405
574,2025-01-18,510,00:42,Saturday,SPADINA AND QUEEN,Operations,5,10,N,8787
575,2025-01-18,306,01:15,Saturday,MAIN STREET STATION,Security,15,30,W,4419
576,2025-01-18,504,01:28,Saturday,KING AND JOE SCHUSTER,Diversion,70,80,W,4486
577,2025-01-19,301,02:17,Sunday,QUEEN AND RONCESVALLES,Cleaning - Unsanitary,15,30,W,4561
578,2025-01-19,504,02:54,Sunday,KINGSTON RD LOOP,Security,None,None,None,4500
579,2025-01-19,503,03:08,Sunday,BINGHAM LOOP,Diversion,255,285,None,None
580,2025-01-19,301,04:27,Sunday,KIPLING LOOP,Security,15,30,E,4569
581,2025-01-19,512,06:03,Sunday,QUEEN AND LESLIE,Security,14,29,S,4490
582,2025-01-19,504,07:46,Sunday,BROADVIEW STATION,General Delay,14,28,None,4487
583,2025-01-19,510,09:54,Sunday,SPADINA STATION,Mechanical,6,11,N,8768
584,2025-01-19,504,12:40,Sunday,CHERRY AND FRONT,Mechanical,10,20,N,4525
585,2025-01-19,500,13:18,Sunday,QUEEN AND COXWELL,Collision - TTC Involved,None,None,N,3146
586,2025-01-19,512,14:04,Sunday,ST. CLAIR AND BATHURST,Operations,11,19,W,4433
587,2025-01-19,507,14:47,Sunday,LAKESHORE AND SILVERMO,Diversion,30,40,None,4560
588,2025-01-19,503,15:42,Sunday,CHURCH AND WELLINGTON,Held By,10,20,W,4512
589,2025-01-19,509,16:15,Sunday,FLEET AND GRAND MAGAZI,Collision - TTC Involved,60,70,E,4442
590,2025-01-19,511,16:22,Sunday,FLEET AND GRAND MAGAZI,Diversion,53,63,None,4554
591,2025-01-19,509,16:59,Sunday,EXHIBITION LOOP,General Delay,None,None,E,None
592,2025-01-19,511,18:26,Sunday,BATHURST AND FORT YORK,General Delay,26,36,N,4550
593,2025-01-19,509,18:40,Sunday,QUEEN'S QUAY AND SPADI,Operations,15,25,N,4423
594,2025-01-19,504,18:52,Sunday,SHAW AND KING,Collision - TTC Involved,10,20,W,4403
595,2025-01-19,506,18:59,Sunday,PARLIAMENT AND CARLTON,General Delay,64,74,None,4508
596,2025-01-19,512,19:27,Sunday,ST CLAIR WEST STATION,General Delay,15,23,E,4614
597,2025-01-19,505,20:42,Sunday,PARLIAMENT AND DUNDAS,Security,10,20,N,4432
598,2025-01-19,504,21:37,Sunday,DUNDAS WEST STATION,Cleaning - Unsanitary,10,20,E,4420
599,2025-01-19,501,22:30,Sunday,SPADINA AND QUEEN,Mechanical,10,20,E,4596
600,2025-01-19,505,23:00,Sunday,KINGSTON LOOP,Security,None,None,None,4448
601,2025-01-19,504,23:01,Sunday,DISTILLERY LOOP,Cleaning - Unsanitary,14,24,None,4506
602,2025-01-19,506,00:39,Sunday,COLLEGE AND LANSDOWNE,Emergency Services,20,40,W,4492
603,2025-01-19,512,01:05,Sunday,ST CLAIR AND OLD STOCK,Held By,46,56,E,4435
604,2025-01-19,509,01:32,Sunday,BAY AND QUEENS QUAY -,Emergency Services,None,None,N,4423
605,2025-01-20,506,02:21,Monday,HIGH PARK LOOP,Emergency Services,20,40,None,4431
606,2025-01-20,501,03:22,Monday,QUEENSWAY AND KING,Emergency Services,None,None,W,4562
607,2025-01-20,504,03:42,Monday,QUEEN AND LESLIE,Emergency Services,None,None,E,4417
608,2025-01-20,301,04:15,Monday,SUNNYSIDE LOOP,Emergency Services,15,30,W,4547
609,2025-01-20,506,04:26,Monday,GERRARD AND PAPE,Mechanical,30,60,W,4422
610,2025-01-20,301,04:27,Monday,QUEEN AND RONCESVALLES,Emergency Services,15,30,W,4613
611,2025-01-20,506,04:37,Monday,COXWELL AND ROBBINS,Security,None,None,S,4463
612,2025-01-20,511,04:42,Monday,KING AND BATHURST,Operations,10,20,E,4577
613,2025-01-20,510,04:43,Monday,SPADINA AND COLLEGE,Utilized Off Route,3,5,N,8825
614,2025-01-20,503,05:05,Monday,KING AND SIMCOE,Held By,31,51,W,4607
615,2025-01-20,504,05:22,Monday,KING AND BATHURST,Diversion,16,26,None,4619
616,2025-01-20,506,05:43,Monday,PARLIAMENT AND GERRARD,General Delay,10,20,W,4432
617,2025-01-20,504,06:10,Monday,QUEEN AND LESLIE,Emergency Services,None,None,E,4494
618,2025-01-20,501,06:25,Monday,QUEEN AND LESLIE,Diversion,None,None,E,None
619,2025-01-20,503,06:28,Monday,QUEEN AND LESLIE,Diversion,None,None,E,None
620,2025-01-20,512,06:48,Monday,CARLTON AND CHURCH,Mechanical,10,20,W,4422
621,2025-01-20,511,07:44,Monday,FLEET LOOP,Security,9,18,None,4551
622,2025-01-20,509,08:15,Monday,FLEET AND BATHURST,General Delay,None,None,E,4407
623,2025-01-20,504,08:23,Monday,KING AND QUEEN,Rail/Switches,None,None,W,4518
624,2025-01-20,505,08:27,Monday,DUNDAS AND RUSHOLME,Cleaning - Unsanitary,10,20,W,4439
625,2025-01-20,510,09:03,Monday,SPADINA STATION,Operations,4,8,None,8801
626,2025-01-20,501,09:08,Monday,QUEEN AND SHERBOURNE,Held By,9,18,W,4564
627,2025-01-20,511,09:17,Monday,BATHURST AND DUNDAS,General Delay,9,18,N,4603
628,2025-01-20,510,09:23,Monday,ST CLAIR AND O'CONNER,Mechanical,4,8,W,8630
629,2025-01-20,506,10:04,Monday,DUNDAS AND HOWARD PARK,Operations,10,20,W,4526
630,2025-01-20,505,10:16,Monday,DUNDAS AND HOWARD PARK,Operations,24,44,W,4426
631,2025-01-20,504,10:52,Monday,LESLIE AND QUEEN,Security,None,None,S,4626
632,2025-01-20,504,12:56,Monday,KING AND SPENCER,Mechanical,10,20,W,4460
633,2025-01-20,501,13:40,Monday,HUMBER LOOP,Emergency Services,8,16,E,4574
634,2025-01-20,504,13:47,Monday,KING AND JEFFERSON,Emergency Services,10,20,W,4507
635,2025-01-20,510,15:18,Monday,SPADINA LOOP,Mechanical,3,5,N,8916
636,2025-01-20,505,15:33,Monday,DUNDAS AND MANNING,Cleaning - Unsanitary,10,20,W,4629
637,2025-01-20,None,15:53,Monday,BROADVIEW STATION,Emergency Services,10,20,None,4625
638,2025-01-20,511,15:54,Monday,BATHURST AND WELLINGTO,Diversion,18,28,N,4548
639,2025-01-20,512,16:14,Monday,ST CLAIR AND WYCHWOOD,General Delay,14,22,W,4415
640,2025-01-20,510,17:02,Monday,SPADINA STATION,Utilized Off Route,2,5,N,8669
641,2025-01-20,504,17:15,Monday,CHERRY AND FRONT,Mechanical,10,20,W,4619
642,2025-01-20,512,17:27,Monday,ST. CLAIR STATION,Operations,8,16,E,4415
643,2025-01-20,510,17:29,Monday,SPADINA STATION,General Delay,3,5,N,8926
644,2025-01-20,510,18:55,Monday,QUEENS QUAY LOOP,Emergency Services,None,None,None,8698
645,2025-01-20,506,20:14,Monday,COLLEGE AND SPADINA,Security,10,20,E,4417
646,2025-01-20,512,20:55,Monday,ST CLAIR AND LANSDOWNE,General Delay,10,18,W,4592
647,2025-01-20,501,21:15,Monday,KINGSTON RD LOOP,Emergency Services,10,20,None,4540
648,2025-01-20,505,21:56,Monday,DUNDAS AND CHURCH,Diversion,32,42,E,4458
649,2025-01-20,510,22:04,Monday,SPADINA AND COLLEGE,Emergency Services,8,16,N,8821
650,2025-01-20,501,22:06,Monday,QUEEN AND CHURCH,Collision - TTC Involved,10,20,S,4532
651,2025-01-20,510,22:27,Monday,SPADINA AND QUEENS QUA,Mechanical,8,16,S,8644
652,2025-01-20,503,22:27,Monday,BINGHAM LOOP,Diversion,130,131,None,None
653,2025-01-21,506,03:09,Tuesday,GERRARD AND COXWELL,Mechanical,20,40,W,4511
654,2025-01-21,504,03:31,Tuesday,KINGSTON LOOP,Security,None,None,None,4401
655,2025-01-21,301,05:02,Tuesday,QUEEN AND RONCESVALLES,Security,None,None,None,4538
656,2025-01-21,505,06:32,Tuesday,BROADVIEW AND DANFORTH,Collision - TTC Involved,20,30,S,4484
657,2025-01-21,504,06:37,Tuesday,BROADVIEW AND DANFORTH,Diversion,15,25,None,4490
658,2025-01-21,505,06:54,Tuesday,BROADVIEW STATION,Cleaning - Unsanitary,10,20,W,4474
659,2025-01-21,501,07:41,Tuesday,QUEEN AND BOOTH,Collision - TTC Involved,5,10,W,4539
660,2025-01-21,503,07:52,Tuesday,QUEEN AND BOOTH,Diversion,None,None,W,4512
661,2025-01-21,503,08:32,Tuesday,KINGSTON AND MALVERN,Diversion,None,None,E,4517
662,2025-01-21,512,08:57,Tuesday,ST CLAIR AND VIA ITALI,Collision - TTC Involved,32,41,W,4417
663,2025-01-21,505,11:13,Tuesday,PARLIAMENT AND DUNDAS,Collision - TTC Involved,10,20,S,4618
664,2025-01-21,510,12:32,Tuesday,N OF SPADINA STATION,Operations,4,8,E,8790
665,2025-01-21,501,12:45,Tuesday,QUEEN AND NEVILLE PARK,Emergency Services,10,20,E,4550
666,2025-01-21,None,12:57,Tuesday,QUEEN AND DOVERCOURT,General Delay,27,37,E,4477
667,2025-01-21,501,13:09,Tuesday,CHURCH AND RICHMOND,Cleaning - Unsanitary,9,18,W,4550
668,2025-01-21,510,13:28,Tuesday,SPADINA STATION,Emergency Services,8,16,None,8689
669,2025-01-21,503,13:57,Tuesday,QUEEN AND BROADVIEW,Cleaning - Unsanitary,10,20,E,4443
670,2025-01-21,506,16:10,Tuesday,CARTLON AND YONGE,Operations,17,27,W,4615
671,2025-01-21,507,19:02,Tuesday,LAKESHORE AND NINTH ST,Diversion,168,178,E,4553
672,2025-01-21,508,19:14,Tuesday,LAKESHORE AND NINTH,Held By,20,40,E,4598
673,2025-01-21,507,22:35,Tuesday,HUMBER LOOP AND THE QU,General Delay,10,20,E,4555
674,2025-01-21,504,23:20,Tuesday,KING AND SPADINA,General Delay,15,25,E,4467
675,2025-01-21,501,23:36,Tuesday,QUEEN AND BEECH,General Delay,10,20,W,4561
676,2025-01-22,301,03:39,Wednesday,THE QUEENSWAY AND RONC,Operations,30,45,W,4591
677,2025-01-22,301,04:19,Wednesday,LONG BRANCH LOOP,Cleaning - Unsanitary,15,30,E,4547
678,2025-01-22,504,06:26,Wednesday,KING AND STRACHAN,Mechanical,10,20,W,4401
679,2025-01-22,505,07:16,Wednesday,BROADVIEW STATION,Mechanical,10,20,N,4456
680,2025-01-22,501,08:01,Wednesday,QUEEN AND CARROLL,Security,None,None,W,4585
681,2025-01-22,505,08:37,Wednesday,DUNDAS AND DVP (ON BRI,Diversion,194,204,E,4467
682,2025-01-22,509,09:15,Wednesday,EXHIBITION LOOP,Mechanical,7,14,W,4481
683,2025-01-22,501,10:11,Wednesday,QUEEN AND ELMER,Cleaning - Unsanitary,5,10,W,4597
684,2025-01-22,501,10:15,Wednesday,QUEENSWAY AND ELLIS,Operations,9,18,E,4555
685,2025-01-22,506,11:30,Wednesday,BATHURST AND DUNDAS,Operations,None,None,S,4508
686,2025-01-22,None,11:53,Wednesday,RONCESVALLES YARD,Overhead,None,None,None,None
687,2025-01-22,504,12:33,Wednesday,DUNDAS WEST STATION,Security,None,None,None,4431
688,2025-01-22,512,13:19,Wednesday,ST CLAIR AND WESTON,General Delay,14,22,S,4523
689,2025-01-22,510,13:44,Wednesday,SPADINA STATION,Emergency Services,3,7,None,8867
690,2025-01-22,501,14:23,Wednesday,QUEEN AND BATHURST,General Delay,24,34,E,4589
691,2025-01-22,503,14:31,Wednesday,BINGHAM LOOP,Security,10,20,None,4633
692,2025-01-22,510,14:37,Wednesday,QUEENS QUAY LOOP,Mechanical,3,5,S,8626
693,2025-01-22,501,14:57,Wednesday,YORK AND ADELAIDE,General Delay,9,18,E,4556
694,2025-01-22,None,15:33,Wednesday,QUEENSQUAY STATION,Emergency Services,None,None,None,None
695,2025-01-22,511,15:56,Wednesday,BATHURST AND FORT YORK,General Delay,11,21,N,4458
696,2025-01-22,501,17:13,Wednesday,BROADVIEW AND QUEEN,Mechanical,8,17,W,4588
697,2025-01-22,501,17:28,Wednesday,RONCESVALLES DIVISION,Mechanical,8,17,E,4580
698,2025-01-22,501,17:56,Wednesday,QUEEN AND DOVERCOURT,Security,4,13,E,4591
699,2025-01-22,512,20:05,Wednesday,ST CLAIR AND BATHURST,Held By,None,None,W,None
700,2025-01-23,504,03:12,Thursday,KINGSTON ROAD LOOP,Security,None,None,E,4406
701,2025-01-23,504,04:12,Thursday,QUEEN AND LESLIE,Mechanical,10,20,None,4470
702,2025-01-23,512,06:10,Thursday,GUNN'S LOOP,General Delay,14,22,E,4518
703,2025-01-23,512,06:10,Thursday,GUNNS LOOP AND ST CLAI,General Delay,20,28,E,4518
704,2025-01-23,505,06:59,Thursday,DUNDAS AND BATHURST,General Delay,11,21,W,4429
705,2025-01-23,507,07:07,Thursday,HUMBER LOOP,Mechanical,10,20,E,4567
706,2025-01-23,505,09:33,Thursday,DUNDAS AND OSSINGTON,General Delay,None,None,None,None
707,2025-01-23,509,10:20,Thursday,KING AND BATHURST,Operations,None,None,E,4442
708,2025-01-23,505,11:44,Thursday,BROADVIEW STATION,Cleaning - Unsanitary,10,20,W,4403
709,2025-01-23,509,13:43,Thursday,FLEET AT STRACHAN,Diversion,39,46,W,4457
710,2025-01-23,511,13:44,Thursday,FLEET AND STRACHAN,Diversion,49,59,W,4549
711,2025-01-23,506,16:00,Thursday,COLLEGE AND OSSINGTON,General Delay,None,None,None,None
712,2025-01-23,508,16:10,Thursday,RONCESVALLES YARD,Mechanical,9,1,E,4595
713,2025-01-23,505,16:18,Thursday,DUNDAS AND MCCAUL,Mechanical,10,2,E,4487
714,2025-01-23,503,17:39,Thursday,QUEEN AND CONNAUGHT,General Delay,10,20,E,4432
715,2025-01-23,509,18:11,Thursday,49 MANITOBA DRIVE,General Delay,None,None,W,None
716,2025-01-23,506,18:23,Thursday,GERRARD AND WOODFIELD,General Delay,14,24,W,4605
717,2025-01-23,510,18:45,Thursday,SPADINA AND COLLEGE,Investigation,4,7,S,8703
718,2025-01-23,504,18:45,Thursday,KING AND SHAW,Mechanical,10,20,W,4414
719,2025-01-23,505,18:52,Thursday,BROADVIEW STATION,Mechanical,31,41,N,4413
720,2025-01-23,505,18:58,Thursday,DUNDAS AND SHERBOURNE,Collision - TTC Involved,35,45,E,4466
721,2025-01-23,501,20:00,Thursday,QUEEN AND NEVILLE,Emergency Services,22,32,E,4635
722,2025-01-23,504,20:20,Thursday,KING AND JARVIS,Mechanical,10,20,E,4465
723,2025-01-23,501,20:37,Thursday,QUEEN AND NEVILLE PARK,Diversion,16,25,E,4578
724,2025-01-23,504,22:26,Thursday,LESLIE AND EASTERN,Security,None,None,S,4453
725,2025-01-23,501,22:36,Thursday,THE QUEENSWAY AND ELLI,Cleaning - Unsanitary,10,20,E,4555
726,2025-01-23,506,23:41,Thursday,COLLEGE AND LANSDOWNE,Diversion,39,49,W,4467
727,2025-01-23,507,00:28,Thursday,LESLIE AND LAKESHORE,General Delay,15,30,E,4560
728,2025-01-23,501,00:32,Thursday,SHAW AND QUEEN,Cleaning - Unsanitary,10,20,S,4582
729,2025-01-23,305,01:38,Thursday,DUNDAS AND BATHURST,General Delay,56,76,E,4618
730,2025-01-24,505,02:02,Friday,DUNDAS WEST STATION,Cleaning - Unsanitary,15,30,W,4506
731,2025-01-24,501,03:25,Friday,QUEEN AND ALTON,Mechanical,15,30,W,4585
732,2025-01-24,306,03:29,Friday,GERRARD AND GAINSBOROU,Security,8,28,E,4449
733,2025-01-24,504,04:29,Friday,QUEEN AND LESLIE,Operations,10,20,None,4520
734,2025-01-24,505,04:49,Friday,QUEEN AND LESLIE,Security,None,None,E,4615
735,2025-01-24,506,06:03,Friday,QUEEN AND LESLIE,Security,None,None,W,4530
736,2025-01-24,503,07:28,Friday,QUEEN AND WOODFIELD,General Delay,10,20,E,4448
737,2025-01-24,507,09:28,Friday,LAKESHORE AND FIFTH,General Delay,10,20,W,4573
738,2025-01-24,505,09:54,Friday,DUNDAS AND LANSDOWNE,Collision - TTC Involved,43,53,W,4607
739,2025-01-24,508,10:30,Friday,KING AND UNIVERSITY,Cleaning - Unsanitary,21,42,W,4585
740,2025-01-24,510,10:39,Friday,DUNDAS AND OSSINGTON,Utilized Off Route,3,7,W,8764
741,2025-01-24,505,11:55,Friday,DUNDAS AND JARVIS,Emergency Services,28,38,W,4417
742,2025-01-24,None,12:35,Friday,LESLIE BARNS GATEHOUSE,Held By,None,None,None,None
743,2025-01-24,509,13:10,Friday,QUEENS QUAY AND BATHUR,Operations,7,14,E,4454
744,2025-01-24,503,13:52,Friday,BINGHAM LOOP,Security,17,27,W,4624
745,2025-01-24,501,14:12,Friday,QUEEN AND EMPIRE,Security,10,20,W,4492
746,2025-01-24,504,14:21,Friday,CHERRY AND MILL ST,Held By,10,20,N,4410
747,2025-01-24,504,14:45,Friday,ERINDALE AND BROADVIEW,Mechanical,10,20,W,4472
748,2025-01-24,501,14:49,Friday,RONCESVALLES AND QUEEN,Operations,9,18,S,4601
749,2025-01-24,504,14:51,Friday,RONCESVALLES AND QUEEN,Diversion,32,42,None,4605
750,2025-01-24,512,14:54,Friday,ST CLAIR WEST STATION,Operations,10,18,E,4426
751,2025-01-24,512,15:10,Friday,ST CLAIR AND LANSDOWNE,General Delay,None,None,W,None
752,2025-01-24,510,15:54,Friday,SPADINA AND KING,General Delay,None,None,S,8671
753,2025-01-24,501,17:55,Friday,QUEEN AND CHURCH,Cleaning - Unsanitary,9,17,E,4548
754,2025-01-24,504,18:55,Friday,DUNDAS WEST STATION,Mechanical,10,20,E,4494
755,2025-01-24,501,19:00,Friday,RONCESVALLES AND QUEEN,Mechanical,9,17,W,4554
756,2025-01-24,510,19:10,Friday,QUEENS QUAY AND LOWER,Emergency Services,None,None,N,8668
757,2025-01-24,504,19:28,Friday,KING AND RIVER,Emergency Services,20,30,W,4411
758,2025-01-24,503,19:40,Friday,KING AND RIVER,Diversion,10,21,W,4439
759,2025-01-24,505,19:50,Friday,BROADVIEW AND GERRARD,Held By,19,39,E,4516
760,2025-01-24,504,20:00,Friday,DUFFERIN AND KING,Mechanical,10,20,S,4529
761,2025-01-24,510,21:38,Friday,SPADINA AND QUEENS QUA,Operations,4,8,N,8749
762,2025-01-24,504,22:27,Friday,KINGSTON ROAD LOOP,Emergency Services,None,None,E,4521
763,2025-01-24,505,23:11,Friday,DUNDAS AND DOVERCOURT,Mechanical,10,20,W,4404
764,2025-01-24,301,01:24,Friday,QUEEN AND GLEN MANOR,Diversion,24,39,E,4592
765,2025-01-24,301,01:24,Friday,QUEEN AND NEVILLE PARK,Emergency Services,None,None,E,4545
766,2025-01-25,501,02:55,Saturday,SUNNYSIDE LOOP,Security,None,None,W,4592
767,2025-01-25,505,04:25,Saturday,KINGSTON LOOP,Security,None,None,None,4459
768,2025-01-25,501,05:05,Saturday,SHAW AND KING,Security,None,None,N,4547
769,2025-01-25,501,05:05,Saturday,QUEEN AND NEVILLE PARK,Cleaning - Unsanitary,10,20,E,4600
770,2025-01-25,505,05:32,Saturday,DUNDAS AND LANSDOWNE,General Delay,10,20,W,4445
771,2025-01-25,510,05:41,Saturday,BAY AND FRONT,Security,30,60,S,8778
772,2025-01-25,503,05:45,Saturday,YORK AND KING,Emergency Services,10,20,N,4509
773,2025-01-25,510,05:50,Saturday,QUEEN'S QUAY AND REES,Operations,9,18,S,8804
774,2025-01-25,301,05:52,Saturday,QUEEN AND WINEVA,Cleaning - Unsanitary,10,20,W,4548
775,2025-01-25,505,06:46,Saturday,DUNDAS AND LANSDOWNE,General Delay,10,20,W,4615
776,2025-01-25,509,06:48,Saturday,QUEEN'S QUAY AND HARBO,General Delay,None,None,W,None
777,2025-01-25,501,08:43,Saturday,QUEEN AND TRILLER,Operations,10,20,W,4447
778,2025-01-25,509,09:28,Saturday,QUEENS QUAY AND HARBOU,General Delay,None,None,W,4442
779,2025-01-25,501,09:54,Saturday,HUMBER LOOP,Cleaning - Unsanitary,10,20,W,4574
780,2025-01-25,509,11:11,Saturday,UNION STATION,Security,11,19,None,4441
781,2025-01-25,510,12:25,Saturday,SPADINA AND COLLEGE,Security,3,5,S,8695
782,2025-01-25,510,13:22,Saturday,SPADINA AND DUNDAS,Emergency Services,12,15,N,8854
783,2025-01-25,512,13:52,Saturday,GUNNS LOOP,General Delay,14,22,E,4644
784,2025-01-25,506,13:58,Saturday,CARLTON AND ONTARIO ST,Mechanical,10,20,W,4503
785,2025-01-25,503,14:07,Saturday,KING AND YONGE,Cleaning - Unsanitary,10,20,E,4448
786,2025-01-25,512,14:30,Saturday,GUNNS LOOP,Operations,10,18,S,4511
787,2025-01-25,503,14:54,Saturday,QUEEN AND KINGSTON,Security,10,20,E,4430
788,2025-01-25,512,15:42,Saturday,ST CLAIR WEST STATION,Rail/Switches,None,None,W,4498
789,2025-01-25,510,15:51,Saturday,SPADINA AND BLOOR,Collision - TTC Involved,3,5,S,8808
790,2025-01-25,501,16:29,Saturday,QUEEN AND KING,Security,None,None,E,4566
791,2025-01-25,512,17:09,Saturday,ST CLAIR AND DUFFERIN,Operations,12,20,W,4618
792,2025-01-25,512,17:42,Saturday,ST CLAIR AND EARLSCOUR,Operations,9,17,E,4461
793,2025-01-25,510,18:30,Saturday,SPADINA STATION,General Delay,None,None,None,None
794,2025-01-25,510,19:06,Saturday,SPADINA AND NASSAU,Security,4,8,N,8912
795,2025-01-25,511,19:47,Saturday,BATHURST AND FORT YORK,General Delay,None,None,None,None
796,2025-01-25,504,19:52,Saturday,DUNDAS WEST STATION,Cleaning - Unsanitary,10,20,W,4413
797,2025-01-25,507,21:56,Saturday,LAKE SHORE AND 3RD STR,General Delay,10,20,W,4563
798,2025-01-25,507,21:56,Saturday,LAKESHORE AND THIRTY S,Diversion,27,37,W,4567
799,2025-01-25,501,23:18,Saturday,LONG BRANCH LOOP,Security,10,20,None,4566
800,2025-01-25,501,23:18,Saturday,LAKESHORE AND FIFTEENT,Diversion,31,41,W,4583
801,2025-01-25,511,23:50,Saturday,BATHURST AND LAKE SHOR,Security,10,20,None,4582
802,2025-01-25,506,00:44,Saturday,COLLEGE AND AUGUSTA,Diversion,20,40,E,4404
803,2025-01-25,501,01:04,Saturday,QUEEN AND EMPIRE,Cleaning - Unsanitary,10,20,W,4596
804,2025-01-25,501,01:07,Saturday,QUEEN AND BROADVIEW,Diversion,45,56,W,4585
805,2025-01-25,503,01:07,Saturday,QUEEN AND BROADVIEW,Diversion,45,55,W,4517
806,2025-01-25,999,01:08,Saturday,QUEEN AND KING BRIDGE,Security,None,None,W,4556
807,2025-01-25,504,01:10,Saturday,QUEEN AND KING BRIDGE,Diversion,45,55,W,4459
808,2025-01-25,305,01:50,Saturday,DUNDAS AND DOVERCOURT,Held By,18,28,W,4501
809,2025-01-26,507,02:05,Sunday,SUNNYSIDE LOOP,Emergency Services,None,None,W,4567
810,2025-01-26,511,02:26,Sunday,BATHURST AND ROBINSON,General Delay,20,30,S,4533
811,2025-01-26,501,03:25,Sunday,KINGSTON LOOP,General Delay,30,60,None,4569
812,2025-01-26,505,05:01,Sunday,LESLIE AND QUEEN,Emergency Services,None,None,E,4432
813,2025-01-26,505,05:20,Sunday,KINGSTON RD LOOP,Emergency Services,None,None,E,4406
814,2025-01-26,503,06:16,Sunday,YORK AND KING,Security,24,34,N,4481
815,2025-01-26,504,06:19,Sunday,KINGSTON LOOP,Security,None,None,None,4486
816,2025-01-26,504,06:29,Sunday,KING AND DUNN,General Delay,12,26,E,4449
817,2025-01-26,501,07:21,Sunday,NEVILLE LOOP (2505 QUE,Diversion,20,30,None,4567
818,2025-01-26,501,08:28,Sunday,QUEEN AND BATHURST,Security,None,None,E,4545
819,2025-01-26,510,09:09,Sunday,SPADINA AND HARBOURD,General Delay,6,11,N,8720
820,2025-01-26,504,10:43,Sunday,KING AND PARLIAMENT,Diversion,7,17,None,4513
821,2025-01-26,503,10:44,Sunday,KING AND PARLIAMENT,Diversion,6,16,E,448
822,2025-01-26,506,14:27,Sunday,COLLEGE AND MCCAUL,Cleaning - Unsanitary,10,20,W,4490
823,2025-01-26,503,14:38,Sunday,YORK AND KING,Cleaning - Unsanitary,10,20,N,4624
824,2025-01-26,509,15:10,Sunday,QUEENS QUAY STATION,General Delay,91,101,E,None
825,2025-01-26,510,15:39,Sunday,QUEEN'S QUAY AND LOWER,General Delay,None,None,E,None
826,2025-01-26,510,15:54,Sunday,SPADINA AND URSULA FRA,Mechanical,3,6,N,8660
827,2025-01-26,505,16:10,Sunday,DUNDAS AND DENISON,Emergency Services,9,19,E,4605
828,2025-01-26,512,16:18,Sunday,ST. CLAIR AND LAUGHTON,Operations,10,18,W,4504
829,2025-01-26,501,16:29,Sunday,1300 QUEEN ST W,Diversion,20,30,None,4551
830,2025-01-26,509,17:04,Sunday,BATHURST AND QUEENS QU,Collision - TTC Involved,10,20,E,4515
831,2025-01-26,510,17:18,Sunday,SPADINA AND BLOOR,Operations,3,6,N,8640
832,2025-01-26,510,18:13,Sunday,SPADINA AND FRONT,Investigation,3,6,S,8676
833,2025-01-26,505,18:44,Sunday,DUNDAS AND MANNING,Operations,10,20,W,4487
834,2025-01-26,504,20:28,Sunday,KING AND DUFFERIN,Security,10,20,W,4498
835,2025-01-26,504,21:14,Sunday,KING AND SHERBOURNE,Mechanical,10,20,E,4488
836,2025-01-26,509,21:16,Sunday,BATHURST AND FLEET,General Delay,None,None,None,None
837,2025-01-26,505,21:32,Sunday,BROADVIEW STATION,Emergency Services,10,20,None,4460
838,2025-01-26,507,21:44,Sunday,HUMBER LOOP,Security,21,31,None,4588
839,2025-01-26,509,21:44,Sunday,BATHUERST AND FLEET,Cleaning - Unsanitary,10,20,W,4527
840,2025-01-26,501,22:05,Sunday,HUMBER LOOP,Utilized Off Route,10,20,E,4535
841,2025-01-26,512,22:35,Sunday,ST CLAIR AND AVENUE,General Delay,11,19,E,4606
842,2025-01-26,506,01:50,Sunday,GERRARD AND NASMITH,Security,5,10,W,4442
843,2025-01-27,503,02:20,Monday,QUEEN AND LOGAN,General Delay,10,20,E,4607
844,2025-01-27,504,02:37,Monday,KING AND SUMACH,General Delay,17,27,E,4401
845,2025-01-27,503,02:59,Monday,KING AND SUMACH,General Delay,18,28,E,4448
846,2025-01-27,506,03:00,Monday,GERRARD AND CARLAW,Emergency Services,23,43,E,4476
847,2025-01-27,510,07:22,Monday,WARDEN AND UPTON,Mechanical,4,8,S,8692
848,2025-01-27,504,08:59,Monday,KING AND BAY,Emergency Services,6,12,E,4440
849,2025-01-27,507,09:18,Monday,RONCESVALLES YARD,Overhead,10,20,None,4592
850,2025-01-27,510,10:59,Monday,SPADINA AND RICHMOUND,Operations,4,8,S,8752
851,2025-01-27,504,11:05,Monday,CHERRY AND FRONT,Cleaning - Unsanitary,10,20,N,4465
852,2025-01-27,505,12:49,Monday,BROADVIEW STATION,Mechanical,10,20,N,4420
853,2025-01-27,506,15:46,Monday,COLLEGE AND SPADINA,Collision - TTC Involved,33,43,W,4403
854,2025-01-27,509,17:54,Monday,QUEENS QUAY TUNNEL,Diversion,34,44,E,4530
855,2025-01-27,504,18:03,Monday,SUNNYSIDE LOOP,General Delay,10,20,E,4503
856,2025-01-27,508,18:46,Monday,HUMBER LOOP,General Delay,30,60,W,4535
857,2025-01-27,501,18:50,Monday,NEVILLE PARK LOOP,Operations,35,45,None,4531
858,2025-01-27,510,18:58,Monday,SPADINA AND BLOOR,Security,3,7,S,8732
859,2025-01-27,504,19:14,Monday,KING AND DUFFERIN,General Delay,10,20,E,4426
860,2025-01-27,510,19:52,Monday,SPADINA STATION,General Delay,None,None,None,8669
861,2025-01-27,511,19:57,Monday,FLEET AND BATHURST,Operations,13,23,E,4580
862,2025-01-27,506,21:09,Monday,HIGH PARK LOOP,Operations,16,24,None,4464
863,2025-01-27,509,21:14,Monday,CNE LOOP,Security,10,20,E,4515
864,2025-01-27,510,22:04,Monday,SPADINA STATION,Collision - TTC Involved,3,7,N,8798
865,2025-01-27,501,00:44,Monday,ROYAL YORK AND LAKE SH,Investigation,16,26,E,4578
866,2025-01-27,512,01:43,Monday,GUNNS LOOP,Emergency Services,18,36,None,4449
867,2025-01-27,501,01:44,Monday,QUEEN AND PARLIAMENT,Collision - TTC Involved,136,136,W,4560
868,2025-01-27,512,01:49,Monday,ST CLAIR AND EARLSCOUR,Diversion,6,24,W,4513
869,2025-01-28,509,02:11,Tuesday,KINGSTON LOOP,Security,None,None,None,4411
870,2025-01-28,306,04:33,Tuesday,LANSDOWNE LOOP,Security,20,40,None,4403
871,2025-01-28,501,06:38,Tuesday,QUEEN AND TRILLER,Cleaning - Unsanitary,10,20,W,4566
872,2025-01-28,505,07:49,Tuesday,DUNDAS AND AUGUSTA,Collision - TTC Involved,90,100,E,4626
873,2025-01-28,501,09:21,Tuesday,RONCESVALLES AND QUEEN,Operations,3,10,E,4573
874,2025-01-28,501,10:03,Tuesday,QUEEN AND BEECH AVE,Collision - TTC Involved,5,10,E,4569
875,2025-01-28,505,12:07,Tuesday,BROADVIEW STATION,Operations,10,20,W,4504
876,2025-01-28,505,13:47,Tuesday,DUNDAS AND BAY,Diversion,155,155,W,4644
877,2025-01-28,505,14:04,Tuesday,BROADVIEW STATION,Operations,None,None,None,4619
878,2025-01-28,501,15:52,Tuesday,QUEEN AND BROADVIEW,Cleaning - Unsanitary,10,20,W,4601
879,2025-01-28,501,16:05,Tuesday,CHURCH AND RICHMOND,Security,10,20,W,4555
880,2025-01-28,512,16:22,Tuesday,ST CLAIR AND GLENHOLME,General Delay,8,16,W,4607
881,2025-01-28,509,16:48,Tuesday,BATHURST AND FLEET,General Delay,None,None,E,4422
882,2025-01-28,512,17:17,Tuesday,ST CLAIR WEST STATION,General Delay,None,None,None,4607
883,2025-01-28,503,18:17,Tuesday,KINGSTON ROAD AND COLU,Diversion,20,30,None,4439
884,2025-01-28,505,19:29,Tuesday,DUNDAS AND LANSDOWNE,Security,10,20,E,4449
885,2025-01-28,504,19:29,Tuesday,KING AND SHAW,General Delay,None,None,None,None
886,2025-01-28,506,19:41,Tuesday,GERRARD AND DE GRASSI,General Delay,None,None,E,4417
887,2025-01-28,504,19:58,Tuesday,CHARLOTTE LOOP,Operations,10,20,E,4436
888,2025-01-28,503,20:02,Tuesday,KING AND RIVER,General Delay,None,None,W,None
889,2025-01-28,506,20:19,Tuesday,COLLEGE AND DUFFERIN,Diversion,15,25,W,4520
890,2025-01-28,None,20:25,Tuesday,TOWNSLEY LOOP ST CLAIR,Security,None,None,None,None
891,2025-01-28,512,20:42,Tuesday,ST CLAIR AND OAKWOOD,Operations,8,16,E,4462
892,2025-01-28,506,20:46,Tuesday,OSSINGTON AND COLLEGE,Collision - TTC Involved,10,20,S,4615
893,2025-01-28,506,20:53,Tuesday,GERRARD AND WOODFIELD,Operations,10,20,W,4618
894,2025-01-28,507,21:12,Tuesday,HUMBER LOOP,Operations,10,20,None,4559
895,2025-01-28,511,21:16,Tuesday,MANITORBA AND STRACHAN,General Delay,None,None,S,None
896,2025-01-28,507,21:16,Tuesday,LAKE SHORE AND LONG BR,Operations,10,20,W,4533
897,2025-01-28,503,21:25,Tuesday,KINGSTON AND MAIN,Collision - TTC Involved,103,113,W,4453
898,2025-01-28,505,21:27,Tuesday,DUNDAS AND OSSINGTON,Diversion,None,None,E,4513
899,2025-01-28,504,21:58,Tuesday,KING AND DUFFERIN,Operations,10,20,E,4401
900,2025-01-28,504,22:37,Tuesday,KING AND SHAW,General Delay,None,None,E,4528
901,2025-01-28,501,23:42,Tuesday,LAKE SHORE AND THIRTY,Security,38,48,E,4588
902,2025-01-28,505,23:52,Tuesday,DUNDAS AND RIVER,Security,10,20,E,4616
903,2025-01-28,503,00:57,Tuesday,KING AND BAY,General Delay,10,20,E,4512
904,2025-01-28,505,01:26,Tuesday,KINGSTON RD LOOP OUTSI,Security,None,None,E,4431
905,2025-01-28,511,01:40,Tuesday,BATHURST STATION,Security,None,None,S,4561
906,2025-01-29,509,02:19,Wednesday,KINGSTON RD LOOP,Security,None,None,None,4456
907,2025-01-29,501,02:59,Wednesday,DOVERCOURT AND QUEEN,Held By,13,28,W,4585
908,2025-01-29,501,03:45,Wednesday,LONG BRANCH LOOP,Emergency Services,25,40,W,4598
909,2025-01-29,310,04:34,Wednesday,26 WELLINGTON ST,Cleaning - Unsanitary,30,60,S,8747
910,2025-01-29,505,05:02,Wednesday,BAY AND DUNDAS,Security,12,24,N,4520
911,2025-01-29,301,05:06,Wednesday,QUEEN AND RONCESVALLES,Operations,None,None,E,4543
912,2025-01-29,504,05:14,Wednesday,RONCESVALLES AND QUEEN,Held By,11,21,E,4452
913,2025-01-29,501,05:16,Wednesday,QUEEN AND RONCESVALLES,Held By,9,17,W,4567
914,2025-01-29,507,05:18,Wednesday,QUEEN AND RONCESVALLES,Held By,8,18,W,4603
915,2025-01-29,301,05:41,Wednesday,QUEENSWAY AND RONCESVA,Security,None,None,E,4562
916,2025-01-29,503,05:55,Wednesday,KING AND CHURCH,Operations,10,20,W,4404
917,2025-01-29,512,06:15,Wednesday,ST CLAIR STATION,Operations,12,20,W,4401
918,2025-01-29,504,06:16,Wednesday,KING AND CHURCH,Diversion,82,92,W,4602
919,2025-01-29,501,06:32,Wednesday,QUEENSWAY AND RONCESVA,Security,None,None,W,4564
920,2025-01-29,505,06:38,Wednesday,DUNDAS AND JARVIS,Security,10,20,W,4457
921,2025-01-29,501,06:58,Wednesday,LESLIE AND QUEEN,Security,None,None,W,4644
922,2025-01-29,504,07:00,Wednesday,RONCESVALLES AND DUNDA,Security,10,20,W,4602
923,2025-01-29,510,07:19,Wednesday,200 ST PAUL'S SQUARE,Utilized Off Route,6,12,S,8828
924,2025-01-29,510,07:29,Wednesday,SPADINA STATION,Utilized Off Route,4,8,W,8643
925,2025-01-29,510,08:04,Wednesday,QUEENS QUAY AND SPADIN,Mechanical,4,8,None,8696
926,2025-01-29,505,08:27,Wednesday,DUNDAS AND ONTARIO,Cleaning - Unsanitary,10,20,E,4520
927,2025-01-29,504,08:37,Wednesday,KING AND YORK,Emergency Services,8,16,E,4627
928,2025-01-29,503,10:04,Wednesday,WELLINGTON AND CHURCH,General Delay,10,20,W,4517
929,2025-01-29,505,10:15,Wednesday,DUNDAS AND LANSDOWNE,Emergency Services,10,20,W,4516
930,2025-01-29,510,10:37,Wednesday,SPADINA AND QUEEN,Utilized Off Route,4,8,S,8564
931,2025-01-29,510,10:39,Wednesday,SPADINA AND BLUE JAYS,Utilized Off Route,4,8,S,8736
932,2025-01-29,510,11:10,Wednesday,SPADINA STATION,Cleaning - Unsanitary,4,8,None,8627
933,2025-01-29,504,11:12,Wednesday,KING AND JOE SHUSTER,Emergency Services,42,52,E,4419
934,2025-01-29,511,11:48,Wednesday,BATHURST AND HOUSEY,Collision - TTC Involved,9,18,S,4556
935,2025-01-29,501,12:34,Wednesday,QUEEN AND WINNIFRED,Diversion,10,20,W,4579
936,2025-01-29,501,12:58,Wednesday,QUEEN AND DOVERCOURT,Security,10,20,W,4601
937,2025-01-29,510,13:29,Wednesday,SPADINA STATION,Security,4,8,None,8643
938,2025-01-29,511,13:29,Wednesday,BATHURST AND QUEENS QU,Rail/Switches,None,None,N,4561
939,2025-01-29,511,13:44,Wednesday,BATHURST AND HARBORD,General Delay,9,18,S,4536
940,2025-01-29,510,13:50,Wednesday,SPADINA STATION,Security,4,8,S,8671
941,2025-01-29,501,13:58,Wednesday,SUNNYSIDE LOOP,Emergency Services,10,20,None,4579
942,2025-01-29,501,14:04,Wednesday,QUEEN AND KINGSTON,Overhead,None,None,E,4569
943,2025-01-29,501,14:09,Wednesday,QUEEN AND CHURCH,General Delay,None,None,None,4579
944,2025-01-29,504,14:44,Wednesday,KING AND JARVIS,Operations,10,21,E,4602
945,2025-01-29,503,14:58,Wednesday,KING AND JARVIS,Diversion,15,25,W,4425
946,2025-01-29,512,15:05,Wednesday,ST CLAIR AND VAUGHAN,General Delay,None,None,W,4629
947,2025-01-29,509,15:23,Wednesday,QUEENS QUAY AND BATHUR,General Delay,None,None,E,4484
948,2025-01-29,504,15:54,Wednesday,KING AND SUMACH,Security,None,None,W,4515
949,2025-01-29,503,15:59,Wednesday,KING AND SUMACH,General Delay,13,23,E,4631
950,2025-01-29,506,16:00,Wednesday,GERRARD AND GOLFVIEW,General Delay,None,None,W,4473
951,2025-01-29,507,22:19,Wednesday,HUMBERLOOP,Security,10,20,N,4600
952,2025-01-29,501,23:49,Wednesday,QUEEN AND PETER,Mechanical,10,20,W,4566
953,2025-01-29,510,23:51,Wednesday,SPADINA AND COLLEGE,Mechanical,4,8,S,8857
954,2025-01-30,301,02:35,Thursday,CHURCH AND RICHMOND,Emergency Services,39,54,N,4587
955,2025-01-30,505,03:46,Thursday,BREOADVIEW STATION,Cleaning - Unsanitary,30,60,S,4460
956,2025-01-30,505,03:51,Thursday,KINGSTON LOOP,Emergency Services,None,None,None,4623
957,2025-01-30,506,04:00,Thursday,GERRARD AND COXWELL,General Delay,None,None,None,None
958,2025-01-30,505,04:16,Thursday,QUEEN AND LESLIE,Security,None,None,E,4464
959,2025-01-30,506,07:54,Thursday,PARLIAMENT AND CARLTON,Operations,10,20,N,4607
960,2025-01-30,503,08:12,Thursday,YORK AND WELLINGTON,Emergency Services,10,20,N,4631
961,2025-01-30,504,08:34,Thursday,692 QUEEN ST EAST,Cleaning - Unsanitary,6,12,W,4491
962,2025-01-30,510,08:52,Thursday,SPADINA AND BLOOR,Collision - TTC Involved,4,8,S,8641
963,2025-01-30,510,09:21,Thursday,SPADINA AND GARDINER,Diversion,95,99,N,None
964,2025-01-30,504,09:41,Thursday,KING AND BATHURST,Diversion,10,20,W,4628
965,2025-01-30,506,10:27,Thursday,COLLEGE AND BATHURST,Security,10,20,E,4512
966,2025-01-30,503,12:47,Thursday,BINGHAM LOOP,Mechanical,10,20,W,4407
967,2025-01-30,501,13:38,Thursday,HUMBER LOOP,Emergency Services,10,20,W,4603
968,2025-01-30,503,13:57,Thursday,WOODBINE AND KINGSTON,General Delay,76,86,N,4609
969,2025-01-30,504,14:30,Thursday,CHARLOTTE LOOP,Operations,10,20,None,4504
970,2025-01-30,506,14:57,Thursday,CARLTON AND JARVIS,Security,10,20,E,4607
971,2025-01-30,501,15:04,Thursday,QUEEN FROM ONTARIO TO,Mechanical,10,20,W,4588
972,2025-01-30,501,15:59,Thursday,QUEEN AND OSSINGTON,Mechanical,10,20,E,4539
973,2025-01-30,505,16:43,Thursday,DUNDAS AND CHURCH,Security,31,41,E,4418
974,2025-01-30,501,16:48,Thursday,SHAW AND QUEEN,Operations,10,20,S,4573
975,2025-01-30,510,17:08,Thursday,SPADINA AND FORT YORK,General Delay,None,None,None,None
976,2025-01-30,501,18:19,Thursday,PARLIAMENT AND DUNDAS,Mechanical,10,20,E,4567
977,2025-01-30,505,18:24,Thursday,DUNDAS AND RIVER,Operations,10,20,E,4426
978,2025-01-30,505,18:27,Thursday,DUNDAS AND RIVER,Operations,10,20,E,4426
979,2025-01-30,510,18:43,Thursday,SPADINA AND FORT YORK,Mechanical,4,8,S,8839
980,2025-01-30,511,19:14,Thursday,BATHURST AND QUEEN,Security,27,37,S,4562
981,2025-01-30,504,19:17,Thursday,CHERRY AND FRONT,Utilized Off Route,10,20,E,4628
982,2025-01-30,505,20:27,Thursday,DUNDAS WEST STATION,Cleaning - Unsanitary,10,20,E,4446
983,2025-01-30,512,20:43,Thursday,ST CLAIR AND OLD WESTO,General Delay,None,None,None,None
984,2025-01-30,501,21:40,Thursday,SUNNYSIDE LOOP,Security,None,None,None,4605
985,2025-01-30,None,22:10,Thursday,3190 LAKESHORE OPPOSIT,Overhead,98,108,None,None
986,2025-01-30,504,22:32,Thursday,CHERRY AND FRONT,Cleaning - Unsanitary,10,20,W,4432
987,2025-01-30,505,00:47,Thursday,BROADVIEW STATION,Emergency Services,10,20,None,4522
988,2025-01-30,306,01:05,Thursday,COXWELL AND QUEEN,Security,None,None,S,4435
989,2025-01-30,506,01:07,Thursday,LANSDOWNE LOOP,Security,20,40,None,4607
990,2025-01-30,509,01:35,Thursday,FLEET LOOP,Security,None,None,None,4437
991,2025-01-31,501,02:11,Friday,QUEEN AND JUST N OF PA,Security,15,30,N,4603
992,2025-01-31,505,04:14,Friday,QUEEN AND LESLIE,Security,None,None,E,4418
993,2025-01-31,505,04:42,Friday,QUEEN AND LESLIE,Security,None,None,None,4613
994,2025-01-31,504,06:21,Friday,DISTILLERY LOOP,Cleaning - Unsanitary,10,20,E,4481
995,2025-01-31,512,06:55,Friday,ST CLAIR AND WYCHWOOD,Operations,11,20,E,4487
996,2025-01-31,506,07:13,Friday,GERRARD AND BROADVIEW,Cleaning - Unsanitary,10,20,E,4496
997,2025-01-31,504,08:57,Friday,KING AND DUFFERIN,General Delay,10,16,W,4440
998,2025-01-31,501,09:39,Friday,QUEEN AND GREENWOOD,Diversion,10,20,W,4577
999,2025-01-31,504,10:04,Friday,DUNDAS WEST STATION,Security,10,20,None,4627
1000,2025-01-31,510,10:10,Friday,SPADINA AND QUEEN,Mechanical,4,7,S,8797
1001,2025-01-31,504,10:13,Friday,KING AND YONGE,General Delay,10,17,W,4413
1002,2025-01-31,504,14:23,Friday,KING AND SUMACH,Operations,10,20,W,4412
1003,2025-01-31,511,14:43,Friday,BATHURST STATION,Security,10,20,S,4549
1004,2025-01-31,511,14:51,Friday,FLEET AND BATHURST,Operations,7,14,W,4519
1005,2025-01-31,501,15:05,Friday,CHURCH AND RICHMOND,Cleaning - Unsanitary,10,20,W,4536
1006,2025-01-31,512,15:16,Friday,ST. CLAIR WEST STATION,Operations,12,20,W,4487
1007,2025-01-31,510,16:13,Friday,SPADINA STATION,Mechanical,2,5,S,8750
1008,2025-01-31,512,17:22,Friday,ST CLAIR AND DUFFERIN,Operations,8,16,E,4630
1009,2025-01-31,506,17:31,Friday,DUNDAS AND BAY,Investigation,28,38,E,4491
1010,2025-01-31,505,18:26,Friday,DUNDAS AND BAY,Diversion,31,41,E,4512
1011,2025-01-31,505,18:56,Friday,DUNDAS AND REGENT PARK,Security,31,41,E,4451
1012,2025-01-31,501,19:24,Friday,QUEEN AND RONCESVALLES,Operations,10,20,E,4533
1013,2025-01-31,501,19:28,Friday,QUEEN AND SHERBOURNE,Emergency Services,5,15,W,4590
1014,2025-01-31,501,19:38,Friday,QUEEN AND YORK,Emergency Services,20,30,E,4533
1015,2025-01-31,504,19:41,Friday,RONCESVALLES AND QUEEN,Diversion,133,143,E,4400
1016,2025-01-31,505,19:47,Friday,DUNDAS AND SHAW,Emergency Services,17,27,W,4475
1017,2025-01-31,507,20:05,Friday,LAKESHORE AND THIRTY S,Diversion,67,10,W,4524
1018,2025-01-31,507,20:07,Friday,LAKESHORE AND THIRTY-S,Collision - TTC Involved,10,20,E,4529
1019,2025-01-31,501,21:34,Friday,QUEEN AND GLADSTONE,Diversion,32,42,E,4569
1020,2025-01-31,505,22:45,Friday,PARLIAMENT AND DUNDAS,Security,10,20,N,4458
1021,2025-01-31,505,00:45,Friday,KINGSTON RD LOOP,Emergency Services,None,None,None,4473
1022,2025-01-31,501,01:10,Friday,QUEEN AND DUFFERIN,Security,7,17,W,4600
1023,2025-01-31,501,01:46,Friday,LONG BRANCH LOOP,Emergency Services,15,30,None,4544
1024,2025-01-31,501,01:49,Friday,LAKESHORE AND KIPLING,Diversion,30,45,W,4600
1025,2025-01-31,506,01:57,Friday,CARLTON AND ONTARIO,General Delay,None,None,None,None
